1,-Inf,NaN,136.851008682922,9.4006471861608,7.27752987508111
2,0.916687828308574,0.307492177690767,322.113772664798,9.45037109063527,6.83515928601595
3,0.997951813557341,1.41154766169097,414.846941604392,9.44792196759943,6.86968182074793
4,0.999751112009888,1.29892654475665,398.71087748397,9.44984824490311,6.87353916670008
5,0.999791297236164,2.19050005386312,490.223487332972,9.45091130300592,6.8861777006797
6,0.999618550305083,3.5870397615514,450.501655337055,9.44859277892692,6.89722488153848
7,0.99970671997952,4.69161277633554,413.33739224434,9.44963711215386,6.89482331449197
8,0.999664329454122,5.46203558170553,382.762508480274,9.44961804762034,6.89592079662624
9,0.99970712612588,5.250199192634,398.972112298148,9.4505351186367,6.89332321298289
10,0.999708245480792,5.44298264984284,406.581372467158,9.45021092553904,6.89369187403077
11,0.999790174463296,4.28099009130733,389.858097270132,9.45068101561744,6.88849519737413
12,0.999584119713599,4.83504700242245,430.992867786111,9.45255567742549,6.88387582048426
13,0.999657221100086,3.81466902963332,417.562941108023,9.45244296437568,6.88673814015854
14,0.999539019247735,1.4495702566553,443.068411422822,9.45103617175936,6.88704884395641
15,0.999740700846335,3.27550782242985,429.776123992612,9.452967767612,6.8742264911797
16,0.999607148825965,2.39358090882576,467.934368029718,9.45333314070153,6.87406108530416
17,0.999671597514002,1.81302389644682,480.147671832415,9.45352033757531,6.87235807270019
18,0.999704863826635,1.29864458145643,464.367979034862,9.45529922521643,6.86785637645321
19,0.99964488944308,2.79711553316158,464.26097343008,9.45465318785253,6.87230693955983
20,0.999607872122999,2.91415803941616,441.866892873375,9.45529498383036,6.87040755847007
21,0.999647601162878,2.91484842821214,440.043805364598,9.45307852611672,6.8861321597857
22,0.999736472893403,4.3618945936139,396.62091213354,9.45192948986439,6.90250683146678
23,0.999681436828861,3.3296773790552,419.920330558217,9.45282256290678,6.89415590823941
24,0.999746974600347,4.25435264054099,399.008471459771,9.45252729303829,6.88930821166334
25,0.999488182368961,1.24920536007235,503.194065964383,9.45254596200478,6.89567081508644
26,0.999770899979778,3.09305767931932,436.901772693196,9.45344446320568,6.87859813621431
27,0.999710072549626,3.84728425780667,435.205489667671,9.45236792115319,6.89961757201502
28,0.999680967163662,5.05667507552667,379.715325654163,9.45188705912743,6.8970827642971
29,0.9995185441923,5.64607133449754,390.746903749562,9.45133050876873,6.91152728105949
30,0.999621081529588,5.36858717203349,384.499055152918,9.4519539041132,6.89768616038972
31,0.999653770605718,5.75700514192218,367.486743743407,9.45025749904849,6.91539052456862
32,0.99962642934477,5.49391103798327,379.34616514341,9.45050131798204,6.90946832871183
33,0.999742599037969,4.96717107849427,376.007560375748,9.45160426050311,6.89879367177312
34,0.999622052552554,4.76469577921745,385.753080665678,9.45157701601892,6.89648562165669
35,0.999668870323899,3.32066547487265,394.130708257966,9.45007405007363,6.90597869782295
36,0.999423695916925,2.76355362527368,396.178690610631,9.45322680858159,6.88177162202361
37,0.99952549963225,1.79594875641407,406.120994282282,9.45475752138168,6.87677580115541
38,0.999497621072732,2.85240825880643,406.389379474101,9.45229028028429,6.89480901745217
39,0.999388047692576,3.06252635957122,400.839875469318,9.45161197989295,6.89760352424713
40,0.999498935116719,4.49531048862091,401.379327062731,9.45205343724214,6.90238294148318
41,0.99941749202772,4.78176016854349,369.414551382151,9.45280035539121,6.89304488673691
42,0.999272355718466,4.20945072358764,384.28006227391,9.45310062963667,6.89152947752449
43,0.999360705313017,3.02885434828859,387.842468854364,9.45141174237328,6.88809456924526
44,0.999418743416211,0.990335079860808,415.144397302032,9.45471028844443,6.87342589636163
45,0.998481395730467,1.19563003560461,546.188656725946,9.45306959692324,6.91273880005283
46,0.999158858597924,1.07298504713148,485.298187262145,9.45571805391741,6.86536778221476
47,0.999562448935623,2.34596747753917,482.088083929098,9.45320044627108,6.87534858194484
48,0.999421163522728,4.10588220567287,420.968490885342,9.45305717413724,6.87051365988317
49,0.999374913637283,4.74888932049625,367.54886033401,9.45182144834046,6.88678427263187
50,0.999061232311736,4.88535276717459,348.254018839051,9.45050990127363,6.8957556930222
51,0.998804891409741,4.3828651354354,392.950977349754,9.44807149315513,6.91774574164486
52,0.998696602615696,4.65101143159456,396.899742577109,9.45169072366946,6.88892274722057
53,0.788553846942395,0.656935599468642,2528.8571249277,9.45704176900133,6.82581675347394
54,0.990033667028947,1.2215574295676,372.915240891906,9.44790649046499,6.849295051971
55,0.999234846307431,3.04100969151178,344.286026117648,9.44567337617767,6.85349224106819
56,0.999814428541568,2.0265042330115,420.247014955335,9.45159858088073,6.86632911437966
57,0.999685476428463,2.40483879778288,478.594347836777,9.44931781159705,6.89848258446602
58,0.999780975688683,4.6060560505982,451.113351590807,9.44943573124423,6.8962439272287
59,0.999767172281537,5.27345935701891,423.276524283271,9.44931559166275,6.89800969864141
60,0.99965347546211,5.24217526577856,420.1850225527,9.44971700137186,6.89391207375412
61,0.999704955985135,4.58452037298378,396.365452554096,9.44953702126455,6.89942632044219
62,0.999718863903448,5.07813635572565,387.197242812774,9.44987461221328,6.89650373909009
63,0.999766779969222,5.17264105312042,402.153698925362,9.45116836020354,6.8911357283182
64,0.999770434847981,4.75698955106173,428.614042428205,9.45159006192721,6.88854966767135
65,0.999750927635231,2.50903817583494,446.429191334167,9.45289330096449,6.88566100788084
66,0.9997712919342,1.76709019087861,448.586278795005,9.45189954166987,6.88776556361061
67,0.999724835721492,2.16079186868255,478.219686014959,9.45154540083812,6.8814576923339
68,0.999766038201947,1.41893292460126,510.099790349227,9.45363579692492,6.87526583737993
69,0.999634150101539,1.8583593332449,445.34176305978,9.45281597952095,6.87414124962396
70,0.999636989758792,3.41274507432357,446.367722928002,9.45366805657449,6.87541374224116
71,0.9997319897559,3.66172990068312,419.856047847155,9.45349450728462,6.88342319633138
72,0.99978194869302,4.28082429749664,422.284640907665,9.45333258793796,6.88718745777732
73,0.99959207954413,4.85339337722862,413.365516998214,9.45128469581082,6.89840351862851
74,0.999766728997839,4.58717215301534,396.556023594204,9.45179419562067,6.89358450177352
75,0.999712520506475,3.32094246935626,413.104305595903,9.45055223572919,6.88898787300456
76,0.999601047564407,4.16086723535576,409.032206030251,9.45165341817486,6.88008360268883
77,0.999547794356719,1.92734276145866,495.85633807766,9.45290143121823,6.87809916857834
78,0.999623719462499,2.96744157500308,481.228886479535,9.45151468167185,6.89114915870094
79,0.999682704075809,4.64290017280488,390.589600950833,9.45136547645846,6.89555643248319
80,0.999716991333782,5.44072090502581,385.56834702157,9.45145743686173,6.8944475991225
81,0.999499337928701,5.28087522709163,393.615564406238,9.45025780643658,6.90808704171798
82,0.999656843703487,5.20319084434497,373.2911176776,9.45093515765425,6.9022816071378
83,0.99956588184856,5.55102851738747,379.058756286161,9.45035426596803,6.91653803816285
84,0.999628733756137,4.92919398710631,383.531454042765,9.45103733756452,6.90407426923824
85,0.999655447876323,5.36598521824123,380.522393920615,9.45112402987731,6.90323273012375
86,0.999659041280519,4.57445962511695,391.574017312522,9.45112573073286,6.89995434140131
87,0.999603266222312,4.10959339711774,405.397419619758,9.45218610742057,6.89487286045105
88,0.999628835120702,2.95402876835027,411.267980529872,9.45175795047553,6.88401100424726
89,0.999574095932611,2.60735005967708,393.984073400836,9.45423137641596,6.87520953732765
90,0.999436507884525,2.00114377979157,397.863114838783,9.45199036118919,6.88988015132293
91,0.999323195393299,3.74639409169088,404.42365327451,9.45223857208338,6.89736722920582
92,0.999608266508128,4.14185260543382,389.395045731645,9.45193304054443,6.89656425411012
93,0.999470993420987,4.81890989311836,371.801658114316,9.4523739171529,6.89195131760784
94,0.999573444979208,3.92242580176623,375.962666129457,9.45228860581912,6.89283547258768
95,0.999382426302976,1.97757417933789,394.01160577741,9.45338694794972,6.87828742141632
96,0.999328344469792,0.731233151600649,434.652808173454,9.45248425208813,6.88200421199279
97,0.999611624916305,1.81461560004125,418.305873489274,9.45447151621398,6.86935583064404
98,0.999599274790023,1.06256796120202,496.071483179562,9.45640907472694,6.85886800830896
99,0.99965825346654,3.68707965532069,438.914425028777,9.45330384476654,6.88451314054147
100,0.999572463972459,3.94923173499246,459.608521423769,9.45222758735682,6.89093522933127
101,0.999391594801067,4.47830636409546,366.132696351976,9.45157118703789,6.88948972604841
102,0.999393486677114,4.78727617545918,348.749668722422,9.44996892001379,6.90653221870643
103,0.999246773670196,4.35517343229559,362.585568702126,9.4495845531441,6.90548616722844
104,0.999061985325962,3.74571968589034,366.9601560215,9.45041624118362,6.89878347510438
105,0.860557035142467,0.592720583849261,675.641822940828,9.45441841490716,6.79154212336787
106,0.989549266871271,1.53352477673147,431.376953572644,9.44694693831648,6.85186471229433
107,0.999462666057243,3.41271700392296,316.126754392878,9.44372909137346,6.85140277163762
108,0.999734249020025,2.63205641875673,416.001012460337,9.45086771838617,6.86456376435051
109,0.999619884805721,2.03725644035398,477.435418966754,9.44921172809546,6.89137134894312
110,0.999709088035069,4.15184166780549,423.056907400538,9.44904402094735,6.89159539342536
111,0.999614028772306,4.93727245641754,433.277822291168,9.44858566032631,6.89703265756035
112,0.999675595983462,4.57388721557028,434.567133390573,9.44936754983171,6.89219297040071
113,0.999679949350119,4.52173585315925,417.770921944726,9.44830177148002,6.90191850619228
114,0.999658216623136,5.02133213715219,410.682835170332,9.44937564079094,6.89946668683715
115,0.999704039974432,4.384105890351,436.077647083517,9.45178487092918,6.88648944063394
116,0.999697838465037,4.27407605709375,405.566109975333,9.45149627400349,6.88693129297361
117,0.999761432935089,3.07689296721045,437.267952045339,9.45318837294171,6.88032690522998
118,0.99969389455455,2.05386465537759,441.576942787305,9.45123173360498,6.88207557937713
119,0.999686294839508,1.77027171621049,489.883058897253,9.45138296584986,6.87806422641015
120,0.999714560829308,2.28114190053679,498.775906777304,9.45342616627968,6.87333990677828
121,0.999632342724532,3.25765188220489,443.605686484105,9.45152238293565,6.88062105317964
122,0.999678852783363,3.90209830526785,427.422106468435,9.45186702833549,6.88905551647914
123,0.99976771059506,4.35616054971593,416.519022777353,9.45173631804841,6.88830824390441
124,0.999662803792405,4.33320429224112,399.253704262222,9.45273540256344,6.88749261514361
125,0.999735974933942,5.3391674444022,399.894852561293,9.45135899823081,6.89370286432096
126,0.999704778565346,4.98848079713414,419.724730273644,9.45077949001253,6.89402392491422
127,0.99972187433178,4.67288132969604,416.435649826616,9.45026907852263,6.89104560031997
128,0.999726303171445,3.83778810364191,428.653142690451,9.4519042352043,6.874694084081
129,0.999714315840225,2.26640725887912,483.92303126534,9.45261591655316,6.87541887158016
130,0.999773566674763,3.35104050735197,457.461849372081,9.45266303001029,6.88720124593083
131,0.999642220225489,4.96825308803499,418.473802179045,9.44976105952934,6.89868399389118
132,0.999650283159592,5.17673172085451,407.676075168701,9.45058284780431,6.89969819706975
133,0.999630645781008,5.41345518331593,392.27365357593,9.44990241525738,6.90062774785646
134,0.999582554486063,5.39495703574748,378.174488397648,9.44978588942308,6.90457840838734
135,0.999734172953795,5.86659435287558,374.997649580375,9.45045849662353,6.90444002680552
136,0.999721059247145,5.90906464736467,376.310806656781,9.45058570527306,6.89949777480982
137,0.999641641317258,5.66858163421117,382.907410366541,9.45035894075776,6.89985700303745
138,0.999727100678197,4.59337206781052,403.024096034724,9.45121126374462,6.89504264014614
139,0.999709163806139,4.11937539073553,395.125711755086,9.45128437193623,6.89289418245118
140,0.999690303633512,3.54176769515168,408.263956520155,9.45192650056389,6.88631518667087
141,0.999727555023804,3.00695018500045,405.209340105628,9.45336589817805,6.87660664330963
142,0.999629486298166,2.43160224353351,408.918276584359,9.45330000259762,6.87454524131266
143,0.999481611294108,2.54483183857501,433.679384569072,9.45215612424602,6.87739999644197
144,0.999623133630284,3.15902612395382,401.190030471644,9.45193947403211,6.88393136705121
145,0.999512775497258,4.29198880526136,394.220370384508,9.4523015718118,6.88805190083892
146,0.999549330329979,2.25459581662604,390.250628543202,9.45066594571873,6.89554648699316
147,0.999631874079588,1.31735857485384,429.146056111885,9.45283900512469,6.87757459170206
148,0.999569703197344,0.527903302682813,541.370490817597,9.45231168863739,6.89121930048846
149,0.999532229303545,1.93853219763731,449.562749766777,9.45628614444961,6.85694581697767
150,0.999662215346621,1.81381168549587,415.156298555147,9.45492015721348,6.87219968139742
151,0.999755700444682,4.26495536147317,407.744944057984,9.45271331823876,6.8859698833129
152,0.999636304133504,4.35875543949217,371.862528400558,9.45147383630285,6.89255821348812
153,0.99952406920331,4.44981791409153,357.975343586342,9.4511600519805,6.898408853242
154,0.9995601590091,4.36738673962927,363.985708300428,9.44915026595826,6.91289518941941
155,0.999409991105409,4.85023286196468,363.189494518581,9.45003190948057,6.90551790853156
156,0.999584328836696,3.86440281111965,381.264550119478,9.44988784226563,6.90494437716265
157,0.909750352237925,0.32607663850086,259.670626761282,9.4432975684488,6.79841327923097
158,0.994277595004057,2.26096984070067,459.299299589361,9.4435870628302,6.85417429632298
159,0.99959804804309,3.05114977060062,316.697196739405,9.44195781361575,6.853011760279
160,0.999738239139669,3.13754374356082,418.115890118424,9.44949751592189,6.87308565005056
161,0.999757432636725,2.27311050150406,442.323660665217,9.44991298286835,6.87666557042227
162,0.999718767590805,3.20035261960987,433.777005066558,9.44984891572971,6.88682520007792
163,0.999668810124183,3.97318464709099,441.641068015692,9.44873734626152,6.89734300320567
164,0.999756943480443,4.58035644624143,431.924502992718,9.44754347542322,6.90261276748693
165,0.999649926282048,4.56980275076122,430.289645830129,9.44809069334005,6.89894591891426
166,0.999738092729687,4.69625310292311,419.502563906337,9.44958336927818,6.89233296787058
167,0.999683445906724,3.93154410110384,418.494815301515,9.4505859243331,6.89263309223038
168,0.999645157529412,4.36130893129621,406.017982944545,9.45068991201627,6.88797974248929
169,0.999767547142626,3.97270299467332,417.042091675832,9.45230527712305,6.88399159499124
170,0.999729029917445,2.63801872951022,438.540671393599,9.4509510357737,6.88385018936164
171,0.999436653286889,1.16070208596812,481.630502715679,9.45284946615687,6.86208498949499
172,0.999673453540071,3.68026141182321,485.01078721508,9.45233717042229,6.87759352947158
173,0.999596817417626,3.31642567134112,448.672251643096,9.45111373462904,6.88587384298371
174,0.999659560933178,4.81246864414598,415.604000689947,9.45234983397986,6.88311530734085
175,0.999630246359523,4.78670218342515,412.171032795725,9.44999907659157,6.89570748747106
176,0.999775860779053,4.76205953209334,392.748150390862,9.45133928342942,6.89347537241972
177,0.999586584148687,4.76436091324521,404.655712681293,9.4514854296722,6.89122515748048
178,0.999772476021112,4.84338416811897,396.339569674888,9.45157483885087,6.88441126733604
179,0.999680086066681,5.00847378618818,411.12985416471,9.45086158887492,6.88293382949124
180,0.999642567742133,3.71897812668652,436.755007482208,9.45059937830261,6.87905396405281
181,0.999745852636213,2.73775956782264,523.313383222639,9.45212529943387,6.87439230562267
182,0.999720656052535,3.31749108144967,455.800012736927,9.45223711338755,6.87617893065759
183,0.999691099833415,4.59614427232267,450.787105851849,9.44970386368331,6.89381038210001
184,0.999678559531494,4.5857936261725,404.398258090863,9.4497940389669,6.9024113638548
185,0.999721710568056,5.46715939478954,390.431175050196,9.45009749493036,6.89806251683319
186,0.999678916088646,5.50380852138841,367.678506579249,9.44968070234776,6.90253020673229
187,0.999699158598508,5.86615695801452,376.694351702622,9.44984809090394,6.9063427255756
188,0.999627413760627,5.29548249598583,406.005528562846,9.45096721501542,6.89877446440134
189,0.999643426684181,5.74516289427413,391.657793456727,9.4505487338449,6.89748609209536
190,0.99971016714839,4.89783726543301,397.344841228439,9.44998985024958,6.89668613014561
191,0.99965911701676,4.25882989944864,414.044809669129,9.45047480440108,6.89784093970717
192,0.999637627615624,3.91307007972048,407.676587039765,9.45234928292355,6.88100792730881
193,0.99969206717896,3.4160088256046,424.533012705639,9.4533242415857,6.87458739529187
194,0.999667510419926,3.14511971119994,402.933937490002,9.45332239068938,6.87298190309498
195,0.999677166306461,2.15132593674156,464.716142173904,9.45327601880342,6.86565654916856
196,0.999625340087418,2.82523112390554,418.330157621457,9.45220539674994,6.8740731531108
197,0.999656068032432,3.11601743554603,415.483378613396,9.4521898887622,6.87587779366363
198,0.999660511581742,2.4166791288343,435.492116972313,9.45223010570061,6.87560130207282
199,0.999581345527932,3.2039454763076,442.986713493543,9.4518976634543,6.87511076477927
200,0.999522331553875,1.42505605528321,510.972304606715,9.45137339533355,6.88834005812061
201,0.999738116675423,1.07987967946593,506.09770240289,9.45476265707792,6.87077891515039
202,0.99966597254765,2.38424522739774,492.486315816749,9.45354693657956,6.88034225918167
203,0.999697488802251,4.21365173096804,427.277189010712,9.45251420186812,6.88793016900646
204,0.999619271007641,4.75513543099877,388.284828363919,9.45132493920721,6.89917359402643
205,0.99964016864139,4.76684738938904,390.373805596115,9.45152399496747,6.90503063585258
206,0.999509289172101,5.12916166959727,370.728850760639,9.44987342064093,6.90846856857341
207,0.999647036924874,5.37504501470469,370.768727601038,9.45062545648841,6.90235226485766
208,0.999586394464119,4.59547908488654,383.078393557659,9.45092698655889,6.89546218363961
209,0.950219489716679,0.902458866388175,767.514939429305,9.44887857039201,6.81949765110568
210,0.996829039770331,2.0297463534081,401.172266947107,9.44231458950146,6.86168494174458
211,0.999542635039718,2.10315794928579,378.486517910363,9.44254903703332,6.86901407690917
212,0.999711132291147,2.59011142994093,404.610628125507,9.44873482190637,6.86966330934962
213,0.999754047048623,2.69220350897726,436.04499499174,9.44880301754952,6.88077721483847
214,0.999755487984252,1.53997191888316,445.282016502462,9.45066330629995,6.87004680687931
215,0.999732217219404,3.49670244733617,440.667243017901,9.44960396704507,6.88811268614234
216,0.999667015905807,4.05006734862862,430.499287868561,9.44867699335033,6.89512177458676
217,0.999600411406554,3.36556039074877,466.087434403583,9.44794753580239,6.89528678952988
218,0.999667072113456,4.49676368049861,438.491239211064,9.44880533839625,6.89245132896102
219,0.999744653898185,3.41519048917169,430.200552801211,9.44953840894598,6.89082515620458
220,0.999616764751802,4.77589008574474,409.85367571167,9.44963537529805,6.89056415078769
221,0.999776973973512,3.49201762499433,436.36769633946,9.45057492077293,6.88639552907028
222,0.999706229357112,2.13950518071479,480.949517924265,9.44935952697087,6.88478507028684
223,0.999767119148203,1.05838543267382,498.750771317994,9.45110259674822,6.88160130386359
224,0.999669696813847,3.78484715122407,444.358502278156,9.45122227778239,6.88154344211133
225,0.999662851540129,4.43558255399241,420.161604236705,9.45107460105534,6.88664774524593
226,0.999738821589607,5.25322326881174,422.514472360722,9.45184358696152,6.88984653332463
227,0.999698537130937,5.54957286476801,407.722292075895,9.45042882773138,6.89728536805685
228,0.999712716035663,5.25069965473534,397.007898173097,9.45096679334609,6.89261265190473
229,0.999721736632361,3.12490192211537,406.045062532569,9.45309808874981,6.87961671746553
230,0.999784579343349,5.17970175875696,399.683120983734,9.45192306750578,6.88259241987501
231,0.999693642725251,4.91295166148107,410.001950838466,9.4513178396751,6.8791353202881
232,0.999687493634696,2.3659425408785,426.553777392289,9.45163179930947,6.87654989124721
233,0.999687994543977,3.30418264101446,486.29718063828,9.45140370458524,6.87599185410434
234,0.999803181132476,4.22931484248297,462.278118163838,9.4511311415448,6.87738124926673
235,0.999714529464707,4.67740428434924,416.344550850838,9.44887671508702,6.90251486465052
236,0.999775150508947,5.2230986147281,398.271509855984,9.44989194359284,6.90064988590234
237,0.999737082492351,4.74107310268688,391.128173761841,9.44955300565883,6.89853098689996
238,0.999708746923793,5.78384558096982,377.008847128201,9.44942159786236,6.90329028023128
239,0.999699595260363,5.69874753404898,383.991644512396,9.4483824989843,6.91133836568181
240,0.999655380890873,4.33697555480678,440.039284984228,9.44948668225422,6.91201443865566
241,0.999595124390432,5.53258883942252,399.167336261966,9.45072362176584,6.89467308298546
242,0.999621402777704,4.83365843929857,401.638750379107,9.45093780780458,6.89177112842158
243,0.999641116806798,4.52935158762851,414.834522366802,9.45135409358872,6.88475136996967
244,0.999704210253195,3.73190201880669,396.322459711475,9.45223568981412,6.87544927738906
245,0.999688657067437,2.55811374743002,444.818841301533,9.45297136772872,6.87222737414451
246,0.999675009152991,1.62337095049358,421.97471112751,9.45537025905097,6.85526084803985
247,0.999647573964323,1.57005631649239,464.438825737879,9.45486602480063,6.85133276362261
248,0.99973662042127,2.81599995457226,438.996484240311,9.45233612181254,6.86997590451971
249,0.999608855571352,3.39143540302116,440.598166517995,9.45228879304739,6.86910877625833
250,0.999815545255408,3.24126758067382,441.170892885136,9.45204062209539,6.87415090920362
251,0.999594087664782,2.86248054328901,457.13875691023,9.45131609001788,6.87249106470097
252,0.999501501982908,2.18078747418671,479.807560094561,9.45173336739651,6.87921727976884
253,0.999606684817018,1.63220320615426,504.471444837219,9.45283496277547,6.87832748716998
254,0.99973720826518,2.65940757407739,474.056197813929,9.45109920623473,6.88734153604588
255,0.999733298115453,4.50369278861655,450.04943441804,9.45174218735393,6.89257960798281
256,0.999605396563817,5.03343860474127,383.166500563867,9.45146949138642,6.90554469356276
257,0.999612183478571,5.29944693459698,378.797595173821,9.45062699325963,6.9045465394848
258,0.999650305745499,5.53931745342597,372.626367014245,9.45027955422361,6.90529053440222
259,0.99967116609435,5.36381831920583,392.253268645213,9.45059088763338,6.89887912618124
260,0.999555408425212,4.78544579937445,403.334149576077,9.45355443053266,6.88366155073787
261,0.947298865853305,0.96620044191884,504.43883211487,9.44646374712132,6.845785307555
262,0.998113838449718,2.63927280468285,369.242455337826,9.44205713194787,6.88117965939112
263,0.999640896757739,3.15915775874676,339.671019774618,9.44343134603845,6.87111127176119
264,0.999623025489755,3.02850568804444,405.21940992605,9.44997454232004,6.85668369568431
265,0.999695311537979,1.41037192132067,445.382805965513,9.44954956597329,6.87837097540653
266,0.999673166841924,2.58768928187713,419.608782745999,9.4493491475237,6.87989412973941
267,0.999731731431095,3.70001262335025,424.404484226272,9.44886141000027,6.88251156078879
268,0.999721709303137,1.46758971237249,438.683107192741,9.45100950265451,6.88053633897726
269,0.999701649107609,1.61865281479505,442.277083279871,9.44907062680882,6.8872728934211
270,0.999795749426422,2.86271544052919,445.152049620341,9.44955513536532,6.89416911504285
271,0.999717574161484,3.19003496272631,441.928196176839,9.44843670571761,6.89390191083519
272,0.999685377309731,3.23392065750001,438.375997746124,9.45026873361446,6.8897764997387
273,0.999824310864781,2.41350309067378,446.460576636544,9.45030165934919,6.88258367780558
274,0.999712971095327,1.43337916321468,479.923572331673,9.45006509715145,6.88502596215372
275,0.999716086592063,2.64165563584597,524.5104043178,9.45035434839142,6.88594562353869
276,0.999625066061129,3.62869337554193,471.182329342468,9.44929307563774,6.89549614231523
277,0.999760755933919,5.11111035703982,395.956548989867,9.45009411652243,6.8933855396705
278,0.999743494761304,5.64837828016025,397.226880915819,9.45038464013144,6.89295476763848
279,0.999770716576632,5.35547426459035,415.45741420771,9.45120730467736,6.88975247529597
280,0.999695230300002,5.39643395687234,412.607952705856,9.45058861188853,6.88803424004128
281,0.999713413667765,4.60371123381723,396.167443940651,9.45142685996035,6.88022751856089
282,0.999745127543378,5.01261913387262,385.617369039502,9.45160116182049,6.87655271598985
283,0.999839314107643,4.93297453741201,401.197101102114,9.4498117964848,6.882759760537
284,0.99971675661138,3.84594770788735,441.690179046108,9.45225668979886,6.87214292282735
285,0.999840429383354,2.26688011793599,487.536734019912,9.45126478633173,6.88166803386458
286,0.999790253870602,3.97365206757558,489.791510144569,9.44895741789855,6.88578139333486
287,0.999639744074613,4.39338524378234,411.083839741578,9.44851883714117,6.89992448932647
288,0.999754229362667,5.42121856895465,403.564926795433,9.44991320532652,6.89250905068743
289,0.999774096840126,4.98326465469568,412.334040330011,9.44954890807542,6.89238634512534
290,0.999664810243064,5.20133603459311,383.1087755467,9.44848442496546,6.89984110353274
291,0.999674922873742,5.43582460607197,390.845472435778,9.44791144185763,6.90596087414887
292,0.999760262782789,4.49451614376238,407.776964864393,9.44980878767699,6.89590738144928
293,0.999642608658924,4.5446523003135,417.578281274021,9.45092552483215,6.88049679434425
294,0.999583990239832,4.12012331832928,419.855991239575,9.45047833895976,6.88744325812566
295,0.999611963902475,3.65827859386715,416.337722295342,9.45030149250681,6.88388894934909
296,0.999570440667528,2.47354830060503,431.790315350629,9.45243353203144,6.87079588690218
297,0.999722398713488,1.5710731083172,455.671521667528,9.45500608449975,6.85657880359818
298,0.99967054121709,2.02557757151537,431.404522117996,9.45446851589632,6.85442894717762
299,0.999688009051083,2.22488310555092,430.317681762804,9.45244122418503,6.86304152441469
300,0.999725647322697,3.62896792348718,397.20705346704,9.45174405028271,6.86947052270247
301,0.999630494750483,3.86889697232979,416.504625086277,9.45131473523664,6.87306687869088
302,0.999678222348917,2.86897468537384,452.608302696469,9.45323128034061,6.87173400325798
303,0.999712117517175,1.82314304785772,451.19246238255,9.45268661710211,6.87480526257489
304,0.999702503366309,2.35352861934794,448.487240703826,9.45099664887589,6.87845026160597
305,0.999657621992048,2.17678537996527,462.688302847724,9.45073377660872,6.88648141720109
306,0.99968861741678,3.80758882328163,496.401152610789,9.45052468463875,6.89000630637466
307,0.999705998261682,4.13272383760787,411.382396480349,9.45158820906633,6.89245996797815
308,0.999623391551217,4.41185898528818,420.424292031832,9.45041952619177,6.90220601298696
309,0.999654844097223,5.70148286993337,396.068139917073,9.45008953916078,6.89396151867933
310,0.999536752671461,5.4878080363491,370.009689819805,9.45053765170288,6.90008631523321
311,0.999668879296858,5.03822596168262,374.510087322585,9.45073237096944,6.89619873643647
312,0.999700230330457,5.13090286738435,380.412291017942,9.45233634727556,6.88529386815827
313,0.970784523716632,1.29777390376686,439.950698879842,9.44440573305665,6.82978676455771
314,0.995520801114921,2.78791807381155,318.147647658593,9.44343407988725,6.8739402833355
315,0.999668136896782,3.18654470527228,346.129988782767,9.44316825077779,6.8790861778895
316,0.999750370280182,3.30526385507991,417.682201585088,9.45051367067606,6.8656640378221
317,0.999681281938376,1.07993208287613,433.839763191527,9.45016145745971,6.86992738167644
318,0.999746330957897,2.63019987057676,433.073205822141,9.44985678164102,6.88547050172486
319,0.999696067246404,3.57985283739085,434.12839140369,9.44998000957616,6.88051602744497
320,0.999654992717009,3.59290459899689,430.347622981237,9.45133504382827,6.87275954920814
321,0.999597789379682,2.31712528179545,442.775252097285,9.45009542706847,6.87455446634006
322,0.999607304356369,1.65353290723175,457.748238564151,9.44931140758775,6.88781575558124
323,0.999687342880542,2.46141624432309,459.529859758477,9.45060758966989,6.88441782949976
324,0.999648795109565,2.84641230076407,428.018088109808,9.45021486681109,6.88111337297574
325,0.999701466445665,3.75395133091481,420.959527429127,9.45019229280657,6.88008496892236
326,0.999730787716402,1.87448801869175,456.976252273797,9.44959392544249,6.87624352201678
327,0.999775151073013,2.31711723169308,484.233950285487,9.45069114856018,6.88126449395174
328,0.999637430961402,4.66520569244551,444.885735457114,9.44922827709805,6.88805627744528
329,0.999643275589771,5.20205897133948,408.485705270415,9.44942247065704,6.89288212094819
330,0.999699410932913,5.88167517532339,392.241683898986,9.44979013195065,6.89108324401396
331,0.999677870931172,5.63875752085285,405.41409887602,9.45178706182196,6.88178463099274
332,0.999731552741624,5.198949606498,408.525534389796,9.4519134674941,6.88313107043137
333,0.999765094081169,4.8928169255037,398.341909809193,9.45148266566566,6.88047475064384
334,0.999711480381723,4.99897922478831,397.549202640432,9.45079884800569,6.87628187860597
335,0.999666710130705,5.22768627224375,402.684911479315,9.45162601507351,6.87135682322514
336,0.999704160388349,4.7362752488715,412.041758781243,9.45099378745579,6.86990928279888
337,0.999717300869382,2.89265717917207,435.632766333886,9.45258621352247,6.86271078618689
338,0.999772186326869,2.79137635571312,455.044915020425,9.45154357083955,6.87169949478782
339,0.999684524940101,3.85798047300946,458.857978058038,9.44915684486972,6.89008728134386
340,0.999675468505369,4.91483008916008,439.281131953953,9.44880686103057,6.89508381779391
341,0.999718027429967,4.80289598646759,423.354630926093,9.448500023092,6.89759200910498
342,0.999749123767221,4.52746420346567,395.543870543638,9.44765282186718,6.8973638905901
343,0.999695077262455,5.70795367744552,423.91349227118,9.44769064172996,6.90436397480554
344,0.999730691957516,3.35884331384944,426.009035454346,9.45009670854646,6.89244977874443
345,0.999724301288126,4.50403457244859,420.204763380827,9.45017592602862,6.88566950024826
346,0.999590545438282,3.62322626544626,428.746015000906,9.44953458942341,6.89472815776787
347,0.999618483718148,2.31982940148577,463.177962462252,9.4510453547624,6.88645115828248
348,0.999757435699943,1.61696442091482,475.568349117746,9.45442154757926,6.86639951610157
349,0.999602543128091,3.68269281673926,413.968042318791,9.4522702551077,6.87861735296815
350,0.999703697517297,4.70175697609619,461.543858755621,9.45146289428152,6.88053001148539
351,0.999752063211826,4.43090600453594,445.930017367885,9.45112605852515,6.88453686392911
352,0.999628705115878,4.96372008586305,412.555859655617,9.44920331329712,6.89373828165718
353,0.999726468827333,4.97443205139068,393.75197950589,9.45023142067726,6.89152328211975
354,0.999751689396066,4.81155482624452,410.63378425923,9.45182986775123,6.88221292423071
355,0.999648324649822,1.96964460887036,436.27048855585,9.4527072390796,6.88426120309517
356,0.999676068419976,3.20262817885266,424.687834989291,9.45065604666823,6.88178268779095
357,0.999716556541145,1.4125294763396,486.323897113285,9.4530516037608,6.87480580272
358,0.999710345920085,3.00375339651162,507.236326342239,9.45137965005558,6.88273685641284
359,0.999770661671755,3.80122838438735,467.079233891359,9.45130391664228,6.8983978436176
360,0.999776491812476,4.68472532802129,430.233845145052,9.45105271994935,6.89596428461259
361,0.99964720258886,4.97910006268545,406.818382779861,9.45055959592116,6.89901144274037
362,0.999656768092263,5.48438326889325,395.702656662248,9.45182037823114,6.89427963275174
363,0.999776685962302,5.25385153083803,397.367166616089,9.45070837587169,6.89375075502148
364,0.999603084963501,4.97465581252989,389.464068496059,9.4516961221774,6.88495807472546
365,0.987032205748565,1.34185537507669,644.15629817914,9.45172604420956,6.84088727834766
366,0.998985938329684,2.63460849028379,421.287535881618,9.44619201010091,6.8729372296782
367,0.999779080428602,3.00447497822908,380.576560097024,9.44781459167577,6.88054153929967
368,0.999791765102617,2.48646924758446,437.169789724463,9.45227972428698,6.85862150224852
369,0.99974321472122,1.6093429749464,424.558823079068,9.45033695289357,6.86917614270439
370,0.999754638522115,2.59660793735887,424.108174391521,9.44920947791626,6.88366701351646
371,0.999744793762826,3.63943560198815,429.472147673763,9.4495630049271,6.88109494487956
372,0.9996206589117,4.58048778396246,416.905802014975,9.45043172828402,6.8750528490074
373,0.999754981879391,4.01324478593968,418.284720401542,9.45082125529776,6.87666264573671
374,0.999735442756205,3.26029472327159,437.634684696517,9.45084121787052,6.87131755528445
375,0.999784681986763,3.74466932168269,435.886829259147,9.44996794200026,6.87630077213727
376,0.999682378064653,3.93519826771798,420.307427484407,9.44893946457621,6.8798832868597
377,0.999674385536928,3.71430854352639,423.074468546955,9.44982026955534,6.87584032105481
378,0.999521661443375,2.02433771770273,464.120833897186,9.44916676484707,6.87807081999762
379,0.999661800817779,2.54135554313794,493.490777427242,9.45074403434134,6.88081378607885
380,0.999800543395981,4.96640036686671,403.620750953416,9.4502520070333,6.88836564800731
381,0.99964625430704,5.05068365474936,403.145682130309,9.45068402355658,6.88968551445676
382,0.99976377098771,5.23382202170659,378.329003680271,9.45032525573942,6.88984475788442
383,0.999721566027323,4.87536638278924,396.089612613319,9.45057727271826,6.88542489472419
384,0.999729967465541,5.28419207021291,424.200830868414,9.45024142842429,6.88678370521412
385,0.999671905206132,5.19539199360054,385.772514228507,9.45028868562681,6.87961310639915
386,0.999700700547854,5.08896725274254,408.035707186894,9.45142859348162,6.87353764678068
387,0.999742000400524,5.2698812584975,409.02067132542,9.45175424647581,6.86855149330239
388,0.999686069869565,5.39708874558101,409.689972132358,9.45102848221376,6.86873145263315
389,0.999612506151053,4.13960692511058,411.81757016904,9.45180286750101,6.86136025290847
390,0.99970161596605,2.73638575553774,432.81979799226,9.45189490243103,6.86071329420383
391,0.999686910619006,3.27890915165353,480.171268308453,9.45003832679888,6.87849912526776
392,0.999613374097022,3.3164867221166,449.490370277656,9.44882665655487,6.87995454859995
393,0.999718095498078,3.10124617674867,441.283374443641,9.44889919192629,6.88948826101231
394,0.99982402033913,4.60778482894498,395.429214680266,9.44770370541976,6.8954314573778
395,0.999743262010228,4.90507920541096,414.999927163157,9.44790512790637,6.90006407431848
396,0.99977112054622,2.42486829836737,432.648028803976,9.44976699761134,6.8878709153197
397,0.999764407962558,2.98291093545462,421.361240845064,9.44961644121803,6.88767480207962
398,0.999696163152514,2.42867791946683,443.27364275636,9.44968623617689,6.89384659797594
399,0.999644042913636,1.11317663749796,480.347766274346,9.45287714055045,6.8787494708195
400,0.999647345369036,2.05241170101957,445.885973512302,9.45237785007975,6.87127333684254
401,0.999748497574715,3.79172132460867,452.704985749769,9.45181492607475,6.88127356560241
402,0.99972283997077,4.88532657904629,443.983415444585,9.45005911629803,6.88691950295634
403,0.999714276938315,5.37187493248575,410.888691272632,9.4490207231875,6.89841950747126
404,0.999639906024786,4.44204073965529,423.333519711762,9.44991398554156,6.89661807633034
405,0.999741465531792,5.19310792894377,412.296945252453,9.44944638794884,6.89901728201219
406,0.999538898878308,4.08817018233274,413.348624953588,9.44920852168736,6.89769286900796
407,0.999723136816158,4.39469100604124,391.797271968329,9.45225821540388,6.88357533754692
408,0.999681171333478,3.0494372704669,444.845494307558,9.45084458827879,6.8858191544478
409,0.999543290352708,1.94552269158846,486.906741958824,9.45093238465301,6.88927165690263
410,0.999695768186321,3.33308092395463,465.494031687647,9.4513075713541,6.87566593416291
411,0.999652215709542,3.98901214464462,450.155197482687,9.44977810132274,6.89468127846637
412,0.999744592697308,5.11730521021291,443.866230170901,9.45027881968348,6.89745024372372
413,0.999604524499236,4.80046274308438,386.949111189217,9.44935648640349,6.89873461535251
414,0.999536100656103,5.4002525768302,383.306246785617,9.450634229982,6.89474210857151
415,0.999577217187966,5.02867868040438,401.815620837418,9.45133853275162,6.88855423811399
416,0.999697332512199,4.93724397490286,386.226400211194,9.45209982277341,6.8823266327209
417,0.982622639027162,1.51426193239966,482.068401559445,9.44973165831986,6.82878850580992
418,0.998728747059313,2.41066083432383,350.763278164684,9.44858184081521,6.86061675293687
419,0.999601055993989,2.7027690938502,455.699268129817,9.44741923064072,6.87981859017177
420,0.999696736708127,1.78780348912466,481.381981912653,9.45109683361278,6.86724535382588
421,0.999679876790678,2.76726787563874,456.008911519246,9.44879889846383,6.88093833240134
422,0.999675469890018,2.87227893801861,445.228844969103,9.44945579645162,6.88648868033613
423,0.99962858486093,3.72462940591323,436.002877347989,9.44940596767526,6.88453593818379
424,0.999776600516834,4.31318929387499,415.063328271203,9.45000088991245,6.87695207963743
425,0.999747307527811,3.57569764834367,430.910480648552,9.45030801863236,6.8733493546424
426,0.9997358050653,3.31204550347197,443.54759765435,9.45139056303826,6.8668108948028
427,0.999741218174121,2.40870945796481,460.425188136216,9.4504894716189,6.87118805585719
428,0.999743498888367,3.58311494637462,418.663119200855,9.44932976632513,6.87747039886679
429,0.999654739782624,3.94888175970452,408.244820968138,9.44979226774404,6.87064716708548
430,0.999391335253589,2.49822077612932,446.970337701824,9.44922360070574,6.87548754694888
431,0.999706493106503,1.74224905915703,494.532120416908,9.45160361594482,6.87871776586575
432,0.999699532884498,4.63311961685205,453.88272938243,9.44913127269881,6.88864902495602
433,0.999770029664488,4.52264088071785,402.392846916778,9.45054625556534,6.88233163376721
434,0.999687067325046,4.6180142870213,389.489549346084,9.44899089618332,6.89083850288604
435,0.999694770524401,4.75126130258103,405.518903087189,9.45132964451056,6.88195165179736
436,0.99975394417197,4.6707434802316,400.942595780269,9.44876423803479,6.89204097682699
437,0.999751939501248,4.9353704655878,398.798634899857,9.44979631755806,6.87982457885784
438,0.999711748611683,4.95571742200554,404.176254477418,9.45016633581544,6.87457900443444
439,0.999761572750458,4.64247154257552,420.273082475764,9.45091123128413,6.87246970347613
440,0.999709668275517,4.93049339208935,406.539999171186,9.45023060526968,6.87049400973196
441,0.999743691059323,4.36308928886594,399.15947640915,9.45210326669837,6.86013549157336
442,0.999764958281706,3.58087686631299,443.728716014683,9.45184605055891,6.86206452911854
443,0.99974941579151,4.21978383865682,447.17084821755,9.44973498241619,6.86682273146487
444,0.999635391645154,4.07229738063972,409.694452473101,9.44949349032956,6.86758132128365
445,0.999728830356682,3.22379216567946,415.008846690808,9.44838133733231,6.87460805587702
446,0.999749394984206,2.99157286372155,415.994821344552,9.44890959510319,6.87105642900342
447,0.999658601965077,3.10560889002062,448.837431400942,9.44872482052271,6.88683378741644
448,0.999726557206811,1.54040441288765,434.563399027868,9.45164542241596,6.87872358720697
449,0.999684899303694,2.19828241993864,454.598116513105,9.44892740141641,6.88249137115824
450,0.999686213694938,2.37131029422825,433.753858712767,9.45022613633839,6.88215149945757
451,0.998784587474326,1.28883663676451,486.908439252405,9.45616832463589,6.86116519121642
452,0.999631177756508,3.29084598273423,468.188327700562,9.45135434818495,6.87746738171834
453,0.999762275607898,4.35169858058094,487.327321904491,9.45149711448673,6.88231399414865
454,0.99973758376857,5.17673997944082,441.898844131279,9.45076697520956,6.88419385422609
455,0.999730551069967,4.49336011007277,401.948588898202,9.44945876695707,6.90043721959881
456,0.999689402195218,4.97526008213124,409.59556678204,9.44970654505956,6.89597608610357
457,0.999643733831434,5.03763841033737,407.22053226086,9.45004211360711,6.89184722553315
458,0.999699625626935,4.88100831942096,400.118797655923,9.45091326012337,6.88688763783149
459,0.999678352229853,4.73892220870417,398.363373806306,9.45146674006487,6.8788345047422
460,0.999646890866096,3.32717031846577,433.158069118035,9.4513197223289,6.88012876476497
461,0.99970313910069,2.06490283767779,474.578414529534,9.45147119821005,6.88127749613695
462,0.999783008005459,2.93945701447617,530.566741372427,9.45287683467972,6.8683466294745
463,0.99969657131681,4.93087312532814,446.083388861299,9.45026751797502,6.88529856084971
464,0.999755627210452,4.79295016570062,403.683300766783,9.44954632803165,6.8934671575082
465,0.999622833494484,5.20989879169569,409.046653798672,9.45006879325547,6.89371680306107
466,0.999583785695957,5.39929786394701,395.446880565675,9.45066378696531,6.89102638898443
467,0.999651652218955,5.17574060213961,400.606651984051,9.45000450056879,6.89549695088483
468,0.999619754155946,5.4508181231737,376.044893043828,9.45307439456615,6.87412792410946
469,0.989362058031912,1.17308130163121,448.319841488652,9.44882514027204,6.85326355892335
470,0.998817827027509,2.31467323023639,320.664773009434,9.44896945420711,6.86432219359053
471,0.999631602920337,1.6935970884831,442.013212734427,9.4492207703867,6.86440801480019
472,0.999798535906751,1.71410395283553,438.325444903129,9.45130042128596,6.86707259659084
473,0.999634280735855,3.35577806461895,434.440404499486,9.44907802382429,6.88615979753499
474,0.99977376831277,4.10484828782759,417.239644701752,9.44971051969144,6.88654901691664
475,0.999737174444406,3.8769071662759,428.652366555549,9.44974681100688,6.88074201339504
476,0.99973569018657,2.40818290703239,434.541071176317,9.45226412059452,6.86436904100509
477,0.999719087758855,1.56876622454049,442.972404041214,9.45083921677841,6.86769352365539
478,0.999685648371349,2.64106242855159,473.984853881838,9.45153627411822,6.87314953982782
479,0.999792122760964,1.66358608383,489.820795893758,9.45038889788331,6.87353673164702
480,0.999798326700356,2.07078364438021,474.457551987205,9.450109692757,6.87341686567029
481,0.999704879391862,2.76922341060315,431.839969784119,9.44996471554549,6.87162239200374
482,0.999693005405762,1.52976700510871,445.766224282778,9.45047698313571,6.87002374854643
483,0.999799536072304,1.5374379532039,470.030444691925,9.45102606546161,6.87680665079593
484,0.999586175825292,2.9244867573054,463.093074078709,9.44866539844531,6.88880383992499
485,0.99974343654405,4.08639263379294,409.262684479069,9.44939523950792,6.88366103481436
486,0.999745050180879,5.13531744002017,394.042084785116,9.44865085189702,6.8922545621922
487,0.999641550031562,4.73221267810699,409.360722850223,9.45000994892457,6.88511970995113
488,0.99968788630399,4.94178584780754,409.766679255711,9.44978778156699,6.88749501042408
489,0.99975961084221,4.82731193098957,394.494537405356,9.45010385150805,6.8742045338877
490,0.999745165289153,5.17955682339043,403.716106821777,9.45016831089628,6.87476610233255
491,0.999685772827634,4.47925463350891,424.39353876915,9.44978576614715,6.87484848520499
492,0.999649412495849,4.04810038550365,442.558676704378,9.44977807549255,6.8770125790765
493,0.999666025706663,3.80929191548862,429.497345329192,9.45054987760266,6.86345170049349
494,0.99970948223348,3.11884968563242,434.341702211699,9.45002638692197,6.86143605077577
495,0.999618240086404,3.12244170291687,424.819418635511,9.44941065238186,6.86374831286726
496,0.999183519673169,3.91410683184842,395.538215690026,9.44957039673438,6.86545857991982
497,0.999611507892701,3.86945881299345,384.888530012634,9.44740346994536,6.87034638115884
498,0.999741847456138,2.60779819000658,417.580884106045,9.44824931219491,6.86719085448544
499,0.999754017917011,3.10503597674439,419.644072458735,9.44912903052437,6.8740235714785
500,0.999736559783568,3.44768073925619,421.55903515912,9.45018282188603,6.87473413604477
501,0.999679337281314,4.38177603392033,430.872398791634,9.45043156999007,6.87429520008468
502,0.999763068469097,2.61344609037935,450.5286902013,9.45095956274757,6.87637566879861
503,0.999518731970981,1.62483963686098,492.107825845464,9.45015749333833,6.87667715994575
504,0.999774498500606,3.13286720190947,484.862695658724,9.45083125336495,6.87763837185185
505,0.999750157396859,5.23661543951649,429.831852664525,9.45040724286835,6.88393544526806
506,0.999584774784805,4.75119004055328,397.793180914952,9.44983595747714,6.89950261259755
507,0.999691857162627,5.72478254614506,386.118154200835,9.45102797021447,6.88917243186873
508,0.999743894405822,5.27592307517741,398.715202144838,9.4497017257661,6.89550803743705
509,0.99969574445476,5.25775414757819,403.235267188603,9.45057551482579,6.88670730580025
510,0.999631606893753,5.25877006387519,395.451984957426,9.45162274391626,6.87737320128162
511,0.99974440952869,4.50075413316865,407.75932972563,9.4502486961027,6.88203515216711
512,0.999754981317554,2.73640824641203,422.981054168811,9.45204426860623,6.87226819238137
513,0.9997693267409,1.39867902280311,469.617599211885,9.45163795091064,6.87566346295423
514,0.999732871685451,2.19140546178179,495.118197084675,9.45197405708551,6.87167578419995
515,0.999719550159403,4.36722935656339,446.083033633714,9.450715249295,6.87939276521042
516,0.999719696887953,4.6679762294583,401.614051748276,9.45113788270768,6.88347731494951
517,0.999765331085623,5.58698457459777,396.562828032657,9.4503287410071,6.89244403375103
518,0.999766826409471,5.02924380399223,392.325656015481,9.45027115520204,6.89451381272213
519,0.999713327836196,5.22299246852318,395.696384771508,9.45068027317918,6.88668998577827
520,0.999703203640848,5.37810743792362,373.060896501414,9.45159773969417,6.87673452128019
521,0.99335360356144,1.37733349250732,453.267316456235,9.44961281553894,6.85216689797232
522,0.99954491229444,2.24260666679429,322.398556942285,9.44991199066674,6.87218939967383
523,0.999769927412201,2.47733185567739,411.688187328779,9.45232918802045,6.85577477486223
524,0.999750243953378,2.24289324433814,428.578846677636,9.45187456970434,6.85948834595488
525,0.999712472444024,1.8001493753772,426.804601751291,9.4496003034843,6.87865994056656
526,0.999807135508634,3.00397925763606,422.350819206881,9.44937738287324,6.88043242939223
527,0.999660556731877,2.4263352055456,426.611440987193,9.44883830838732,6.8867921576738
528,0.999733623963216,1.89161865460562,463.200138502782,9.4533395320621,6.86314145598243
529,0.999801375950706,3.03790750831582,482.443801742557,9.45142772403963,6.87417664314488
530,0.999780412542094,3.44069770810625,454.826947520855,9.45043911877036,6.88098709164482
531,0.999695737247114,3.59821834434621,458.765316510816,9.4490792285282,6.88346106044095
532,0.999644975191315,2.501794493622,447.467497422833,9.449951942389,6.87653902309407
533,0.99969553359522,2.96464172985563,429.280042685862,9.44987004516387,6.87937494618892
534,0.99972022480165,2.71135195885098,436.474725849399,9.45114481001417,6.87114225540054
535,0.999696772012676,2.60960356717471,447.945991086442,9.45092995402258,6.87362015424448
536,0.999763910903073,2.00546136810259,477.686429210209,9.45076075627317,6.8804027836462
537,0.999616093660254,4.13991320322443,434.509763120784,9.44795846385797,6.89473820450797
538,0.999620180814185,4.50204075217204,429.941279375293,9.44964357216808,6.89156142981316
539,0.999662668255111,5.12312783387533,420.512900496481,9.4495282644874,6.8903801145561
540,0.999664974680016,4.28137246313775,424.955475621326,9.44961643852872,6.88576612442042
541,0.999736984563633,4.86116044116388,392.921302213354,9.4487308685935,6.88014332427819
542,0.999645588363482,5.23502910573843,412.525596350493,9.44999729705927,6.87616522310038
543,0.999704628327093,4.12298145425483,430.994545890871,9.45022511496758,6.8695198334839
544,0.999747874509671,1.63383245866528,451.476129592952,9.45219356621452,6.86503758084561
545,0.999730787720728,3.19865585401686,500.690630721772,9.45088644302103,6.8661411947429
546,0.999690486969259,4.25030844564347,447.688663360219,9.4486486467843,6.87420021139652
547,0.999642804520227,4.56529383572813,410.788148565086,9.44799508638081,6.8748484284931
548,0.999367162263741,5.37929558451259,368.284088528538,9.44858588085208,6.88002119371122
549,0.999446467945341,4.52665907237525,395.400351661143,9.44673986876855,6.88284765757214
550,0.999608172879935,4.64436109960006,401.383247204137,9.44690241019732,6.88055595120069
551,0.999676040614415,4.16150387966903,398.121987106365,9.44863937815731,6.87969686495335
552,0.999749016687638,2.03864872589697,432.33259177018,9.45001830349058,6.87603568559525
553,0.99976738720262,4.1497378163015,435.264543065252,9.45109841125715,6.87166596542318
554,0.999699341685448,3.81652076512641,469.532106296144,9.45115858986201,6.87348703378714
555,0.999590381291657,1.81325788862263,471.520987569951,9.45098965762782,6.87163157007209
556,0.99975238673847,3.41218640004236,513.653757934526,9.45048481891991,6.8790709471449
557,0.999678470553427,5.04686342401791,454.453420485074,9.44892825921572,6.89326894240933
558,0.999551794474294,5.20722889981903,426.358517197797,9.45031468298199,6.89880218955921
559,0.999679552792267,5.72008640558545,401.813987099767,9.45101583647115,6.88783143677726
560,0.999661112467743,5.48480161566448,424.982341278156,9.44957823192382,6.89004396180225
561,0.999747632538707,5.13101096751193,389.66132140523,9.45087754077223,6.88023258953432
562,0.999776413455425,5.15296151599236,400.253288470802,9.45069384127033,6.87687995774988
563,0.999741268963475,4.60793019209046,419.709248850842,9.45145893208248,6.87290860908577
564,0.999644660534215,1.70345857195947,433.369091323347,9.45292318095273,6.86853764480115
565,0.999538634531685,1.69014927759822,491.621403558751,9.45387642649322,6.86847983605402
566,0.999636966079412,2.477510123823,549.561928589836,9.44881430083332,6.88361613330532
567,0.999716435479138,3.61388744258337,479.411026035012,9.45109550628293,6.89015722016395
568,0.999680409456967,5.41600053799612,426.477438826938,9.44951100105357,6.89307986866065
569,0.999810665103074,5.76533036461781,411.346450069738,9.44989033683232,6.89525309272299
570,0.999666104902249,5.22641580145185,411.967934332406,9.4500372018978,6.89279930786931
571,0.999734936966772,5.04193840653942,386.65422180909,9.45037365792509,6.88959545282322
572,0.99970136461972,4.18632698177187,400.011934248192,9.44916288455623,6.88588263415102
573,0.99411720694012,1.82728232388048,370.312678235683,9.44905956243694,6.84879394135282
574,0.999616009123397,1.98281436589991,350.93950829579,9.44984520366044,6.87345764090114
575,0.999727094638954,2.48008960143344,471.334872179886,9.45234793212533,6.86939411944484
576,0.999743760872965,3.10068520496403,436.56823800055,9.45143483049354,6.86637743647527
577,0.999713271791198,3.26441024112387,426.729079880342,9.45013106802614,6.87798495615928
578,0.9998126841623,2.82781902750373,449.14534207155,9.45111841968418,6.86919716241733
579,0.999742007645263,0.487075565938474,465.847075683558,9.45082859034889,6.87329355875937
580,0.999799066905274,1.82930110053438,508.800271771552,9.44939613065423,6.87722590973126
581,0.999776168064621,3.20568743187778,520.349236877633,9.44978744199716,6.87911046166896
582,0.999776688101412,4.20762279408652,509.06659073255,9.44970120539027,6.88325410901668
583,0.999714198820965,3.84314917714002,463.201188650587,9.44837846562091,6.88663515623241
584,0.999671930040069,4.6736417953772,427.090151905169,9.44824251450764,6.88721753416374
585,0.999672823000899,5.05291364041382,414.896316914013,9.44881836569093,6.88765921806143
586,0.999792631783879,4.7181845498982,405.223533961348,9.44920725662866,6.88173436944047
587,0.999754054797353,4.23295504030811,431.923620591962,9.45116287709289,6.87996461345232
588,0.999787553679761,1.60835855673482,478.320835977604,9.45127719252112,6.87506516918196
589,0.99975514137337,3.12968650101231,469.380345996673,9.44927857996067,6.8869803357123
590,0.999710096955935,4.10944137658402,434.308648423955,9.44886347797979,6.89247714351567
591,0.999677015230435,4.95926306170727,438.257294608834,9.44902451435739,6.89119165732747
592,0.999785201439417,3.75970305562332,448.65510098431,9.44858220689304,6.89229506027008
593,0.999641494358103,4.20857448537594,421.348793708812,9.44790207178278,6.88083116220405
594,0.999772633103438,4.56020516469473,400.39428167974,9.44958096771312,6.87499272691266
595,0.999738442505709,2.86963445097761,465.357683051749,9.45029041045939,6.86823717107257
596,0.999731113563651,3.04648021838453,529.339684500781,9.45071128818906,6.86460486672599
597,0.999744058204128,3.47901078421872,488.073159890696,9.45054940676681,6.87088927735698
598,0.999642101681522,5.00561179282357,433.845007650619,9.44778390347266,6.88332702239265
599,0.999605663771876,5.31414436116452,404.934266651616,9.44847042102672,6.87840162972142
600,0.999387963043647,5.41448146688724,367.123483193367,9.44687553508592,6.89280473019674
601,0.999514229560844,4.52669254107171,387.748862880588,9.44479737811731,6.89143061842535
602,0.999695073440148,5.20734257664505,390.689076041181,9.44835126708666,6.87987005788578
603,0.999802268494699,5.1039681316504,423.276560402427,9.45000590234701,6.8776094310602
604,0.999794234606208,3.00567387503922,426.966622984812,9.45037632545061,6.87916348179867
605,0.99974514465347,2.72936205365088,430.355868252623,9.45038107749706,6.87569231839456
606,0.999747214814683,3.19929556185015,463.954553114643,9.45018493295033,6.87751944246789
607,0.99974023579968,1.35105623551469,503.103349695999,9.45158832998516,6.87423707600564
608,0.999773813342926,2.7225771911447,492.90992802383,9.45231468481725,6.87370177633026
609,0.999693947075237,4.86256849666132,415.045173161333,9.45029921308528,6.88111115617294
610,0.999667215496246,4.58132026635066,442.929249209925,9.45046369244168,6.8854962833867
611,0.999725047538747,5.08693300640641,394.887523569468,9.45073537328038,6.89030344443237
612,0.999752007168147,5.35285884600438,406.631429668266,9.45078217248722,6.88417237875428
613,0.999678005854062,4.92441959339831,389.080111052105,9.45087927758102,6.87605267201101
614,0.99986378405538,5.52546334760606,399.719095113802,9.45177468025856,6.87406439867135
615,0.999775942988654,5.345259421904,408.264474005363,9.45175730592718,6.87144965365387
616,0.999670673921147,2.36314164910636,459.852585827212,9.45217143528608,6.87023426129242
617,0.999755609554472,2.03362030158894,503.195562887575,9.45258483611937,6.87187153779542
618,0.999687197996943,3.50025832036663,476.233349595371,9.44949546958557,6.88861979358567
619,0.999743879871911,4.62174021198899,476.768632083039,9.45036445764724,6.88373984896477
620,0.999637647890563,5.37779774982827,416.277867902352,9.44952805798046,6.88799214261447
621,0.999666028574607,5.66295661881118,407.176724101477,9.45012986447886,6.89260237332014
622,0.999705343628286,5.49087705360214,413.977991742136,9.45025787608758,6.89028094533983
623,0.999723285021347,4.74741273878384,398.411978776593,9.45088623476459,6.88129183356782
624,0.99977546295872,4.86794991365343,379.192087842132,9.4508483256828,6.87711181450395
625,0.994934191254924,1.1945882213817,458.740616912179,9.44962098451869,6.86548768952363
626,0.99967767589676,1.24472576579334,375.610234544696,9.44697563833217,6.8874179434904
627,0.999736501677213,1.47706365094385,460.296166281269,9.44934863996142,6.87977525339694
628,0.999616902667781,2.21523938720831,448.034935562324,9.45162579193736,6.86609187926236
629,0.999820776663958,3.5349618225014,445.183660210009,9.4496920273538,6.8827308867152
630,0.999721638165497,1.83022790352783,480.085190569711,9.45023893944148,6.87641649610428
631,0.999765737088717,0.953036163110434,447.267034844146,9.45119002599633,6.866492106674
632,0.999744381964377,2.26314550636512,500.992488119222,9.44910531519387,6.87830007366317
633,0.999776641064215,3.14411703932349,459.231104401019,9.44917567206306,6.8833112783232
634,0.9997249596277,4.42914522915304,490.855494230655,9.44817694858021,6.88585849821958
635,0.999535738291153,3.69596440986809,438.972049494343,9.44689226648284,6.89037116621277
636,0.999737860096084,5.47974252620154,416.404833830035,9.44861575056545,6.88773196479055
637,0.999652230794295,5.56002920492662,403.501328389964,9.44763498357912,6.88961974313521
638,0.999711943131481,5.23559172570455,410.810868012068,9.44805758525594,6.890099226672
639,0.999752376954385,4.83553117304872,421.64571094141,9.44949892838542,6.89321332870024
640,0.999696149614263,3.39339647228342,472.635932100059,9.451955996216,6.87923921133498
641,0.99962413738558,1.54924149677637,490.806916345232,9.45056359513372,6.87378040403054
642,0.999655588561234,3.71657988064405,444.525884609833,9.44792449125712,6.88759867343613
643,0.999745999595345,3.91951068629121,438.39553091621,9.44981098427506,6.88216422658284
644,0.99970259662682,2.83413918214449,435.069482702091,9.4486875375625,6.88471798784859
645,0.99972903417341,3.91990390807696,430.031796228317,9.44838263641928,6.88269310482725
646,0.999723126602621,2.50646394063739,459.300342630518,9.45037241985344,6.87459538971381
647,0.999637523358703,2.08744010587132,500.826185089523,9.45378870594979,6.85413335325576
648,0.999706447675545,3.25496228850461,496.283645014871,9.44960799605484,6.87786490476067
649,0.999674209344468,4.38305966042453,470.410109551732,9.44799705309808,6.88531474355391
650,0.999760584799152,5.45844337349356,422.779087083909,9.4486801541557,6.88214415354781
651,0.999658561756088,5.34842740667549,390.787289114853,9.44830959853279,6.88590591291852
652,0.999705977183415,5.18159204453597,384.546829085901,9.44765643993397,6.89162529140389
653,0.999481119510264,5.67884049616569,381.081386001734,9.44708130105365,6.89832885314428
654,0.999645770253726,5.29180130134547,396.439032674602,9.44848314030962,6.89085370976073
655,0.999717886022646,4.74267633579758,403.528907338457,9.44886565250313,6.88718801148018
656,0.999789847319662,4.97374358104926,410.754980688996,9.45124905827178,6.87337912141622
657,0.999770843507612,3.61569083378299,426.665096704463,9.45095845584237,6.87478555067647
658,0.999714961151888,2.37839690962655,456.135585055477,9.44982135732487,6.87795261403611
659,0.999803592383438,1.02437060701742,523.098964103551,9.45150030705239,6.87782300960875
660,0.999698297939991,3.24769044541847,490.891858770665,9.45153019250897,6.8789818324646
661,0.999698370494176,4.70663106277693,440.204398637085,9.44966001395197,6.88156723241834
662,0.99962045647514,4.39637227674378,429.205464082008,9.45027676926229,6.88516432585581
663,0.999733137677298,5.15156102947762,392.249582185875,9.44960818938079,6.88539974038646
664,0.999729054699487,4.99306779317977,400.721152964477,9.45017096693585,6.88543458451773
665,0.99960940183254,4.70075053950861,404.935773673325,9.44903830110504,6.886255750284
666,0.999778028279526,4.87405407961865,397.633443963116,9.44987313824123,6.87522301281239
667,0.999701690043931,4.96588792170928,392.56382515171,9.45116141193055,6.86896609574784
668,0.999793112352785,3.67127762566858,424.477514298671,9.45211452030359,6.86608420623504
669,0.999816559121635,2.10944516700689,480.593389018496,9.45324431433704,6.8655710251718
670,0.999715899416284,3.01537339445469,471.923824574767,9.45191447238257,6.87617072149868
671,0.999801025363355,4.18239482266069,441.332479228876,9.4512716096123,6.88634587286021
672,0.999696337252903,4.10116806070711,442.300168602879,9.44977262041056,6.89207759407942
673,0.999662685363232,4.83350551491538,426.197866992932,9.45002583764726,6.88999208843898
674,0.999614199718469,5.07107450113988,397.99784799215,9.44889037427637,6.89342906473421
675,0.999540660479709,4.32760386257983,417.635383323426,9.44930613358742,6.88658695837486
676,0.999675849182433,4.71584543770274,386.564293393008,9.45110759559269,6.87477581983482
677,0.989551480846176,0.740583983104104,307.110352149515,9.44853781392749,6.84702889999509
678,0.999361458312733,1.09451075144319,327.763757336927,9.4472539933473,6.87927967764282
679,0.999702336458682,1.60753758082925,457.078887353838,9.44968016446603,6.8786969753142
680,0.999690159479894,2.93343908122417,444.197251019741,9.44961237874345,6.88196968980394
681,0.999745127198256,1.14835156945766,459.094883397377,9.4481400104361,6.88397927953141
682,0.999777573563361,1.25740073434703,490.775168931968,9.45270267080748,6.86732766978649
683,0.999783738431301,1.39626230307531,509.20299147173,9.45045149499869,6.87087587997031
684,0.999761574398968,3.98055044474536,471.429547910373,9.4484668416205,6.88939161796035
685,0.999674912604682,4.095370183079,474.191035351559,9.44846820996604,6.88537651725286
686,0.999697292765603,4.84680349306982,453.584724482099,9.44768557918438,6.89329379536216
687,0.999659576137071,5.33157752132055,410.931152864662,9.44909406560701,6.88480709845379
688,0.999755366333241,5.59864944886103,403.43495261287,9.44765278521671,6.88954424242423
689,0.999672795907912,5.69598996534352,386.603946185416,9.44757183137782,6.88905200548699
690,0.999601332874841,5.20562522238437,403.544673726522,9.44793701519833,6.89180168896154
691,0.999728496646277,5.70892691598742,412.186602621261,9.44855657444605,6.88933029830009
692,0.999750291683693,5.04160639184847,435.055718053976,9.45044009601869,6.8786745555529
693,0.999742690273534,3.23205516125961,445.968535277791,9.45081341900558,6.8687297496921
694,0.999805220265895,1.93412214265884,456.26916201255,9.45090425368779,6.86635179981076
695,0.99979264896781,1.28438833687751,462.409006483069,9.44983404766702,6.87820410261674
696,0.999668511369699,1.73966182763268,453.360037475264,9.44894133593918,6.87757956755928
697,0.999716860873363,3.7644986679441,448.877781337035,9.44887633045685,6.87988551500658
698,0.999803787012931,3.20157451483803,437.966616612842,9.44957490422059,6.87409230222541
699,0.999736092423305,0.997197823043152,461.238602719113,9.45082171251195,6.87251527564869
700,0.999684331349513,3.14566654136541,478.997138786023,9.44780211355081,6.88194414699969
701,0.999712560474226,4.11290730809931,459.756034510218,9.44878038289772,6.88766540015929
702,0.999661845617356,5.63492006251013,421.174167677367,9.44776203809242,6.88593296310341
703,0.999618819291859,5.81930998269688,385.205932990817,9.44795316726099,6.8909367087996
704,0.999700055232666,5.81540672577745,370.535893878744,9.44831147567461,6.88572338611278
705,0.999731312186393,5.55291732398522,383.631635578697,9.44896333253529,6.88742142325285
706,0.999731507001155,5.12270276594321,390.559166006474,9.44886169962822,6.8895985335826
707,0.999721924915422,5.63168685932989,392.658550646179,9.44976609701367,6.87837207364927
708,0.999798247608544,4.66512014856411,404.355738233456,9.45025348880787,6.87659354475946
709,0.999755903563639,4.29440416796363,420.734430560668,9.44806867174633,6.88486465626298
710,0.999820687728864,1.72652152163999,448.769070085098,9.45043542668538,6.87447772559938
711,0.999714171583804,1.37877895685074,499.303786682946,9.45155871193222,6.87421109871944
712,0.999727001340563,1.78940586632047,543.52014823135,9.45056840715324,6.87719441805009
713,0.999733281546784,5.02385513906061,458.197456533473,9.44985226219537,6.8774564696902
714,0.999780433822149,5.42421485700652,392.893109199765,9.44993767976063,6.88770076471848
715,0.99966483541889,5.16273903155357,408.22308351994,9.45026084023674,6.88321965032823
716,0.999659199476595,5.50107754056473,398.046236985935,9.44996392330777,6.88529177325696
717,0.999651597473683,5.00067165584983,407.2440992284,9.45067584560736,6.87709491253251
718,0.999718426087128,5.34899119818353,392.76961855519,9.44990575325025,6.87613432820463
719,0.999721477735597,4.97012158696138,395.747947766084,9.45076954275771,6.87101439570773
720,0.999682713942325,4.53842565946433,428.141699065295,9.45053899529784,6.86940960708134
721,0.999803771865347,3.58953048101919,443.673979806244,9.45178726990863,6.86528390256867
722,0.999650783945822,3.20273658485703,501.496088884169,9.4514110386201,6.86327245974874
723,0.999674362674726,3.23311553958982,476.415494339966,9.45091572627324,6.86661348405785
724,0.999641779612744,3.25743943501019,466.116059317773,9.45003567787331,6.87401371961505
725,0.999668331028605,3.46310252429534,461.957553977929,9.45047837665775,6.87699539201481
726,0.999615520881339,3.11413607627754,446.408941552818,9.45094123230198,6.87275433333899
727,0.999747597225371,2.1379562216536,467.446576412281,9.45222280728016,6.87140426902161
728,0.999660130967583,1.59961089626567,448.657907719765,9.45138079870375,6.8670327991795
729,0.992961230896767,1.23861843320443,477.196374613093,9.45112243247038,6.84327078172419
730,0.999138654316604,2.08036855265114,335.440509136656,9.44928901262005,6.8561982813436
731,0.999765813362842,3.32295545510139,408.108222689265,9.44933453052938,6.87600956854093
732,0.999682003594963,1.84654187886901,480.674858901272,9.44977183468417,6.87610652357991
733,0.999708228304071,1.64195052905193,489.075608818356,9.4508205819731,6.86454965530091
734,0.999721506499603,1.16383661969523,528.173548598488,9.45134664937047,6.86772632807029
735,0.999727611131221,1.39099051619125,539.413356387337,9.44930369142428,6.87736818375082
736,0.999681500258588,3.43177410303822,475.305101158956,9.44851884792428,6.87864554058206
737,0.999758596927168,4.79824555698467,485.108458797138,9.44845415749268,6.88294042102404
738,0.99966498634919,5.44783540023415,406.022782120761,9.44815640327001,6.88646440583433
739,0.999554150947339,5.12815168045955,408.371980369326,9.44780771457283,6.8846477001298
740,0.999560354728644,5.82538205827599,398.846762820767,9.44786505542681,6.88635072763858
741,0.999685950925581,5.77038058137874,406.469662453478,9.44852939400761,6.89162072480566
742,0.999624568232877,5.86924547285194,418.726333323902,9.44890732435011,6.88835343000354
743,0.999750177473241,5.11023221712562,410.091971042597,9.44790412759771,6.88926277536654
744,0.999687445276054,4.81424247408771,422.985359557505,9.44988194121373,6.87891261689998
745,0.999556691995756,3.73740653117066,444.110644261816,9.44881648351841,6.87223646217066
746,0.999768239129429,3.79328442981495,440.439033969617,9.45079313985874,6.86544467533064
747,0.999702583397205,2.92136696912222,456.446305294113,9.44971085943703,6.86979303728534
748,0.999765556376681,2.51819486938097,446.522090382115,9.4489060417994,6.87411025273285
749,0.999794942210924,3.61753527867522,432.489964889434,9.45128841169466,6.86932335587572
750,0.999719645430832,3.92665558489813,430.802732581162,9.44898484560689,6.87366051575437
751,0.99971397268108,1.62254880340388,476.702081436499,9.44908946113133,6.88006711583327
752,0.999626748036092,2.88483827277277,461.070250449894,9.44698017868742,6.88543858271273
753,0.999728774037117,5.0286457397781,438.444242988045,9.44878119398894,6.88867273062064
754,0.99970324139513,4.67508983933073,401.654905730612,9.44814639740451,6.89477418199421
755,0.99967621259919,5.75765743753601,394.622036153605,9.44715397722594,6.889393312603
756,0.999561793978508,5.55873462598046,385.361412182855,9.44809407656584,6.88956982208957
757,0.999567518330573,5.28454926219896,389.172719197646,9.44759066382531,6.89074729985594
758,0.999680125656243,5.52003476143537,393.071417030969,9.44867218060817,6.8853072978503
759,0.999673426724152,5.44004604845637,400.705028564816,9.44962426848052,6.87917350946676
760,0.99973079110841,4.34089711792818,393.231438945373,9.44937501924333,6.87619056216577
761,0.999776142791228,4.8138087558588,400.9983203021,9.45009120904214,6.87332589431838
762,0.999661980636279,1.66164848031257,441.335315655442,9.45190962375869,6.86358441782547
763,0.999787510632646,1.75592200851943,471.177723474207,9.45107617937341,6.87536256477198
764,0.99973987962045,1.59934901110085,482.930453079727,9.45061358820232,6.88211939428875
765,0.999732346720984,5.15195132212268,459.833140326087,9.44942043551515,6.88238724983577
766,0.999738719231088,5.4537349627008,421.762069611435,9.44906555772219,6.887082440837
767,0.999620389197198,5.83784296253782,398.856107722409,9.44960932105891,6.88473659932782
768,0.999609968471912,5.48007463763631,412.842679575698,9.4491362040448,6.88790327096771
769,0.999721009365839,4.6456312178306,411.828921699333,9.45014203645379,6.87862403390102
770,0.999717209748565,4.64825004164536,402.216263468658,9.44965532045062,6.8740133406017
771,0.999630430463781,4.4772769694265,411.61582062268,9.45142751771828,6.86747338660348
772,0.999630211147564,4.09963867363346,433.354033192957,9.45073926366203,6.8674927617458
773,0.999785107364974,2.54062751895177,462.323697246897,9.45024552124305,6.86607767500771
774,0.99980092509271,2.6985968108577,488.970670567184,9.45120028098934,6.86816854560496
775,0.999684521474821,3.19408373223257,458.734273089054,9.45020464951178,6.86697613537949
776,0.999702652658432,3.15425216820492,449.994845115616,9.45006794505228,6.86981070108059
777,0.999653859168266,3.80771871358176,460.55038427066,9.45084769030485,6.8718386973723
778,0.999617410775713,2.95663875549985,445.604653269427,9.45076991322159,6.87283240336552
779,0.999557464803908,1.34634100514032,498.293632696816,9.4516687043259,6.87653670932742
780,0.999633026665701,2.864567469361,453.836850043407,9.45271616916807,6.86153838988519
