1,NaN,136.890814308012,9.40338153675932,7.27964667808156,557.4540155713
2,0.307492177690767,322.207465361656,9.45311990434312,6.83714741741953,529.122109184306
3,1.41154766169097,414.967607443734,9.45067006893493,6.87167999366372,531.518961286372
4,1.29892654475665,398.826849853202,9.45259690653169,6.87553846159567,532.034290611858
5,2.19050005386312,490.366077822696,9.45366027384445,6.88818067172462,533.132483203437
6,3.5870397615514,450.632692003629,9.4513410753802,6.89923106585851,533.725796718423
7,4.69161277633554,413.457619003572,9.45238571237061,6.89682880027218,533.657905638769
8,5.46203558170553,382.873841973962,9.45236664229182,6.89792660162927,533.740696892232
9,5.250199192634,399.088160652315,9.4532839800551,6.89532826243107,533.643208706476
10,5.44298264984284,406.699634114164,9.45295969265993,6.89569703071077,533.635134676731
11,4.28099009130733,389.971494645919,9.45342991947266,6.89049884250546,533.285915576641
12,4.83504700242245,431.118229964125,9.45530512656047,6.88587812198512,533.139744828803
13,3.81466902963332,417.684396945619,9.455192380726,6.88874127421757,533.348705037886
14,1.4495702566553,443.197285994112,9.45378517891825,6.88905206838932,533.214017440385
15,3.27550782242985,429.901132258383,9.45571733661097,6.8762259859962,532.438848300955
16,2.39358090882576,468.070475320413,9.45608281597596,6.87606053200933,532.467196011394
17,1.81302389644682,480.287331586457,9.45627006729937,6.87435702405292,532.35636309162
18,1.29864458145643,464.503048975927,9.45804947236258,6.86985401840505,532.20788300455
19,2.79711553316158,464.396012246603,9.45740324708687,6.87430587603955,532.479997299588
20,2.91415803941616,441.995417960965,9.45804522974283,6.87240594247999,532.405103026409
21,2.91484842821214,440.171800173759,9.45582812733183,6.88813511758421,533.37349294196
22,4.3618945936139,396.736276598028,9.45467875686123,6.90451455213879,534.511847289136
23,3.3296773790552,420.042472085759,9.45557208967029,6.89616119989229,533.966064025889
24,4.25435264054099,399.124530389666,9.45527673391714,6.89131209327479,533.557266179527
25,1.24920536007235,503.340429184723,9.45529540831384,6.89767654737773,534.052141187633
26,3.09305767931932,437.028853584544,9.4561941708603,6.88059890260393,532.831186599446
27,3.84728425780667,435.332077163999,9.45511731567581,6.90162445229295,534.337678147332
28,5.05667507552667,379.825772818854,9.45463631378252,6.89908890727972,534.087026712006
29,5.64607133449754,390.86055965101,9.45407960154094,6.91353762549466,535.142535206127
30,5.36858717203349,384.610893753045,9.45470317821137,6.89969247888116,534.141306642475
31,5.75700514192218,367.593634000834,9.45300627971614,6.91740199269899,535.320086136186
32,5.49391103798327,379.456504930997,9.4532501695689,6.91147807426296,534.889248683362
33,4.96717107849427,376.116929068925,9.45435343290103,6.90080031240454,534.187546656122
34,4.76469577921745,385.865284022118,9.45432618049228,6.89849159094942,534.005751084619
35,3.32066547487265,394.245348400999,9.45282277738178,6.90798742835096,534.570762183633
36,2.76355362527368,396.293926446881,9.45597645292736,6.88377331147978,533.052465038433
37,1.79594875641407,406.239122019851,9.45750761096334,6.87877603748548,532.838013277486
38,2.85240825880643,406.507585276424,9.45503965222364,6.89681449907383,533.956510026611
39,3.06252635957122,400.956467096649,9.45436115453619,6.89960981870234,534.096263547817
40,4.49531048862091,401.496075599449,9.45480274029134,6.90439062611951,534.516272002948
41,4.78176016854349,369.522002377777,9.45554987569526,6.89504985522881,533.877504718863
42,4.20945072358764,384.391837175943,9.45585023728098,6.89353400523184,533.794044820115
43,3.02885434828859,387.955279947669,9.45416085877377,6.89009809784655,533.337365927516
44,0.990335079860808,415.265149661817,9.45746036428753,6.87542515831044,532.573129100013
45,1.19563003560461,546.347525711331,9.45581919554112,6.9147494968805,535.433330141865
46,1.07298504713148,485.439345138036,9.45846842288757,6.86736470031334,532.062168382119
47,2.34596747753917,482.228308087577,9.4559500829489,6.87734840314203,532.551975002427
48,4.10588220567287,421.090937289533,9.45580676914173,6.87251207475463,532.16133957141
49,4.74888932049625,367.655768659186,9.45457068391144,6.88878742010937,533.282142262728
50,4.88535276717459,348.3553149058,9.4532587553571,6.89776145000181,533.828669048195
51,4.3828651354354,393.065274346421,9.45081963798289,6.91975789483331,535.254690347351
52,4.65101143159456,397.015188144545,9.45443992121678,6.89092651671261,533.432980547842
53,0.656935599468642,2529.59268939004,9.45979252299829,6.82780216743062,529.145105709223
54,1.2215574295676,373.023710127262,9.45065458729869,6.85128729502129,529.939866078924
55,3.04100969151178,344.386168020959,9.44842082346914,6.85548570494788,530.013970811009
56,2.0265042330115,420.369251505024,9.45434775162662,6.86832631209932,531.673111335753
57,2.40483879778288,478.733555778055,9.45206631893938,6.900489134612,533.905049552606
58,4.6060560505982,451.244566180451,9.45218427288565,6.89824982622018,533.74511079556
59,5.27345935701891,423.399642021294,9.45206409835937,6.90001611123989,533.868199916463
60,5.24217526577856,420.307241070762,9.45246562482586,6.89591729448326,533.596397950942
61,4.58452037298378,396.480742713483,9.45228559236803,6.9014331450911,534.002864817993
62,5.07813635572565,387.309866230255,9.45262328151128,6.89850971365262,533.814802143355
63,5.17264105312042,402.270672702335,9.45391740581186,6.89314014149637,533.545359845756
64,4.75698955106173,428.738712681246,9.45433923019521,6.89055332864636,533.392730129096
65,2.50903817583494,446.559043449915,9.45564284830345,6.8876638286362,533.316098936763
66,1.76709019087861,448.716758339192,9.45464879995573,6.88976899651458,533.36694261473
67,2.16079186868255,478.358784978976,9.45429455611562,6.88345929047785,532.838550163002
68,1.41893292460126,510.248162226124,9.45638556023246,6.87726563450935,532.594617802487
69,1.8583593332449,445.471298877076,9.45556550436956,6.87614071964639,532.415147377137
70,3.41274507432357,446.497557164538,9.45641782926533,6.87741358239142,532.609710242026
71,3.66172990068312,419.978170676892,9.45624422949547,6.8854253661782,533.210591572308
72,4.28082429749664,422.407470138222,9.4560822630516,6.8891907225286,533.483907063892
73,4.85339337722862,413.485751938046,9.45403377525748,6.90041004577676,534.121216527824
74,4.58717215301534,396.671369184671,9.4545434232647,6.89558962722235,533.805643669219
75,3.32094246935626,413.22446455761,9.45330110212642,6.89099166143962,533.309522392438
76,4.16086723535576,409.151180547136,9.45440260487119,6.8820848011536,532.744329715774
77,1.92734276145866,496.000566985304,9.45565098092203,6.88009978983408,532.731327085459
78,2.96744157500308,481.368860724682,9.45426382801412,6.89315357578559,533.585502149761
79,4.64290017280488,390.703211097878,9.45411457940166,6.89756213150422,533.909902393975
80,5.44072090502581,385.680496644843,9.4542065665533,6.89645297561901,533.834435632779
81,5.28087522709163,393.730054710236,9.45300658719364,6.91009638549645,534.754758627493
82,5.20319084434497,373.39969624361,9.45368413543134,6.90428926229919,534.381956023941
83,5.55102851738747,379.169012475613,9.45310307478212,6.91854984006859,535.419879924182
84,4.92919398710631,383.643011198368,9.4537863450625,6.90608244582827,534.532303955151
85,5.36598521824123,380.633075835909,9.45387306259135,6.90524066193669,534.476954843479
86,4.57445962511695,391.687913795116,9.45387476394161,6.90196131963479,534.223320650899
87,4.10959339711774,405.51533689237,9.45493544905933,6.89687836064263,533.94968481675
88,2.95402876835027,411.387605362763,9.45450716757699,6.8860133450688,533.060230284704
89,2.60735005967708,394.098670892432,9.45698131295871,6.87720931808116,532.657365036613
90,2.00114377979157,397.978840620704,9.45473964589157,6.89188419929351,533.540942663818
91,3.74639409169088,404.541287309326,9.45498792898245,6.89937345493028,534.148782185711
92,4.14185260543382,389.508308420402,9.45468230857405,6.89857024627455,534.052071078123
93,4.81890989311836,371.909803443703,9.45512331341957,6.8939559680151,533.744645784349
94,3.92242580176623,376.072021764319,9.45503797727141,6.89484038016764,533.803483146354
95,1.97757417933789,394.126211277303,9.45613663887497,6.88028809742886,532.800634721124
96,0.731233151600649,434.779234912235,9.45523368044773,6.884005969102,532.986738427325
97,1.81461560004125,418.427545422375,9.45722152260579,6.87135390873963,532.230885240562
98,1.06256796120202,496.215774666103,9.45915964469317,6.86086303582912,531.63613461064
99,3.68707965532069,439.042091336959,9.4560535115197,6.88651562741856,533.273510645452
100,3.94923173499246,459.742206989322,9.45497694106078,6.89293958419063,533.649432233989
101,4.47830636409546,366.239192759892,9.45432034981578,6.89149366045664,533.463389865398
102,4.78727617545918,348.851108958027,9.45271761674294,6.90854111023612,534.601713689383
103,4.35517343229559,362.691033362927,9.4523331380731,6.9074947544949,534.477262657068
104,3.74571968589034,367.066893111232,9.45316506802433,6.90079011276994,534.052476347132
105,0.592720583849261,675.83834575318,9.45716840585349,6.79351756791995,526.196045440291
106,1.53352477673147,431.50242746905,9.44969475604685,6.85385770277744,530.031005559259
107,3.41271700392296,316.218705655697,9.44647597313405,6.85339562775681,529.634276187236
108,2.63205641875673,416.122013982348,9.4536166765473,6.86656044858575,531.454215964897
109,2.03725644035398,477.57428981232,9.45196020458146,6.89337583065586,533.342703153846
110,4.15184166780549,423.179961258964,9.45179244865265,6.89359994030555,533.341110322842
111,4.93727245641754,433.403849090095,9.45133395470902,6.89903878596849,533.710117711623
112,4.57388721557028,434.693535209273,9.45211607164131,6.89419769109712,533.42388312292
113,4.52173585315925,417.892438277362,9.45104998328845,6.9039260557391,534.056103673019
114,5.02133213715219,410.802289802967,9.45212416495395,6.90147352322735,533.987749604945
115,4.384105890351,436.204488262821,9.45453409586095,6.88849250235415,533.255184484924
116,4.27407605709375,405.684076314628,9.45424541499155,6.88893448321468,533.256833330061
117,3.07689296721045,437.395139446665,9.45593800610777,6.88232817446378,532.936225552842
118,2.05386465537759,441.705383537596,9.45398079764661,6.88407735724486,532.851024731701
119,1.77027171621049,490.025550367124,9.45413207388017,6.88006483750231,532.557484886085
120,2.28114190053679,498.920984895036,9.4561758686123,6.87533914371546,532.421811713453
121,3.25765188220489,443.734717331697,9.45427153151797,6.88262240797175,532.771173320859
122,3.90209830526785,427.546430025048,9.45461627716425,6.89105932458955,533.46316240531
123,4.35616054971593,416.640174972162,9.45448552885768,6.89031183465689,533.390543492277
124,4.33320429224112,399.369834522574,9.45548490397476,6.88949596865551,533.440141372461
125,5.3391674444022,400.011169311385,9.4541080992897,6.89570802419771,533.765652398029
126,4.98848079713414,419.846814907257,9.45352842251083,6.89602917817732,533.725054965217
127,4.67288132969604,416.556777770874,9.45301786255839,6.89304998728275,533.436853832663
128,3.83778810364191,428.77782431652,9.45465349485536,6.87669371490548,532.355256978437
129,2.26640725887912,484.063789151896,9.45536538320978,6.87741871322238,532.491561176007
130,3.35104050735197,457.594910538707,9.45541251037073,6.88920451469268,533.409406733826
131,4.96825308803499,418.595522957285,9.45250969579846,6.9006906026208,533.970728945085
132,5.17673172085451,407.794655230059,9.45333172310562,6.90170510079895,534.142120190756
133,5.41345518331593,392.387753560559,9.45265109264241,6.90263492196255,534.137158638528
134,5.39495703574748,378.284487381571,9.45253453291443,6.90658673161548,534.429775872981
135,5.86659435287558,375.10672452248,9.45320733575501,6.90644830978284,534.495144205037
136,5.90906464736467,376.420263554699,9.45333458140552,6.90150462024252,534.126927439882
137,5.66858163421117,383.018786007599,9.4531077509316,6.90186395295828,534.129103693669
138,4.59337206781052,403.141322982655,9.45396032183223,6.89704818972125,533.852698838308
139,4.11937539073553,395.240641313129,9.4540334512887,6.89489910710797,533.694609754719
140,3.54176769515168,408.382707577584,9.45467576669124,6.88831819770611,533.25767190071
141,3.00695018500045,405.327202671864,9.45611558298059,6.87860683043703,532.668067391794
142,2.43160224353351,409.037217962775,9.45604966823322,6.87654482884348,532.500965585237
143,2.54483183857501,433.805528169749,9.45490545716363,6.87940041433068,532.593180152939
144,3.15902612395382,401.306723947978,9.45468874393302,6.8859336847088,533.074538705279
145,4.29198880526136,394.335036607415,9.4550509470355,6.89005541702932,533.434491324956
146,2.25459581662604,390.364140093907,9.45341484519059,6.89755218312135,533.830102053741
147,1.31735857485384,429.270881110861,9.45558853667072,6.879575060375,532.683661229102
148,0.527903302682813,541.527958351085,9.45506106680375,6.89322373797513,533.68092807462
149,1.93853219763731,449.693513335451,9.45903667865931,6.85894028539324,531.473325848019
150,1.81381168549587,415.27705437663,9.45767029410075,6.87419858667915,532.501757765267
151,4.26495536147317,407.863544151122,9.45546281322646,6.88797279391033,533.319712956547
152,4.35875543949217,371.970691435184,9.45422297076449,6.89456304042218,533.689993257862
153,4.44981791409153,358.079467278638,9.45390909517223,6.90041538194191,534.107541638075
154,4.36738673962927,364.091580217503,9.45189872456687,6.9149059317358,535.001534119576
155,4.85023286196468,363.295134842279,9.45278062453137,6.90752650503055,534.530326608792
156,3.86440281111965,381.375447904511,9.45263651541183,6.90695280683953,534.469635170462
157,0.32607663850086,259.746156724235,9.44604432469303,6.80039072238472,525.490000328498
158,2.26096984070067,459.432895212073,9.44633390327918,6.85616795859094,529.832586329663
159,3.05114977060062,316.78931392584,9.44470418016772,6.85500508440204,529.559950134865
160,3.13754374356082,418.237506791378,9.45224607553452,6.87508481303251,531.959697621659
161,2.27311050150406,442.452318612093,9.45266166332716,6.87866577468971,532.283577372771
162,3.20035261960987,433.903177061948,9.45259757755342,6.88882835945993,533.062748495973
163,3.97318464709099,441.769527417981,9.45148568476487,6.89934922188353,533.751270141159
164,4.58035644624143,432.050136153913,9.45029146666734,6.90462051897238,534.02409508603
165,4.56980275076122,430.414803463142,9.45083884375254,6.90095260382957,533.802239618815
166,4.69625310292311,419.624583918788,9.45233195386283,6.89433772928783,533.459085392425
167,3.93154410110384,418.616542191806,9.45333480052927,6.8946379409443,533.59552047941
168,4.36130893129621,406.136080719378,9.45343881845917,6.88998323769113,533.247014602249
169,3.97270299467332,417.16339601482,9.45505465342451,6.88599393016725,533.120465206146
170,2.63801872951022,438.668228988683,9.45370001816923,6.88585248340721,532.956766920939
171,1.16070208596812,481.770593778272,9.45559900074569,6.86408095273311,531.485132948204
172,3.68026141182321,485.151861495398,9.4550865560005,6.87959400365292,532.628570858375
173,3.31642567134112,448.802756194063,9.45386276434851,6.88787672564605,533.131796191652
174,4.81246864414598,415.724886733804,9.4550992232415,6.88511738763252,533.057627899583
175,4.78670218342515,412.290920297926,9.45274778209231,6.89771323042919,533.767229561546
176,4.76205953209334,392.86238839159,9.4540883787539,6.89548046612627,533.745811442559
177,4.76436091324521,404.773414214842,9.45423456750599,6.89322959667077,533.588083901335
178,4.84338416811897,396.454852305764,9.45432400269095,6.88641372458144,533.070569214056
179,5.00847378618818,411.249438821015,9.45361054525317,6.88493585699675,532.875734365901
180,3.71897812668652,436.882045684203,9.45334825841211,6.88105486302832,532.545803956107
181,2.73775956782264,523.465598515299,9.45487462338551,6.87639184866934,532.356789174807
182,3.31749108144967,455.932590527898,9.45498646986233,6.87817899337692,532.507744799262
183,4.59614427232267,450.918225546939,9.45245248331597,6.89581557325028,533.587043238102
184,4.5857936261725,404.515884739025,9.45254268482869,6.90441905675831,534.262963291607
185,5.46715939478954,390.544739116163,9.45284622905788,6.90006894479482,533.960644156091
186,5.50380852138841,367.785452614413,9.45242931524352,6.90453793420342,534.259346443724
187,5.86615695801452,376.803920161649,9.45259675248773,6.90835156198776,534.57337535303
188,5.29548249598583,406.123622715094,9.45371620211698,6.90078109944595,534.114052704403
189,5.74516289427413,391.771714307148,9.45329759922354,6.89949235239327,533.967014484127
190,4.89783726543301,397.460416260978,9.45273855306668,6.89869215775992,533.841939690083
191,4.25882989944864,414.16524219369,9.45322364827598,6.89984730321901,533.986130319185
192,3.91307007972048,407.79516725001,9.4550986720249,6.88300939463035,532.8943613227
193,3.4160088256046,424.656495916358,9.45607391427165,6.87658699508396,532.506961591527
194,3.14511971119994,403.051138213667,9.45607206283696,6.87498103590023,532.38239136014
195,2.15132593674156,464.851313384602,9.4560256774629,6.8676535512603,531.80975068421
196,2.82523112390554,418.451836618043,9.45495474399935,6.87607260332612,532.341095828513
197,3.11601743554603,415.604229572112,9.45493923150083,6.87787776879175,532.479103318338
198,2.4166791288343,435.618787839448,9.45497946013708,6.87760119677829,532.462222346779
199,3.2039454763076,443.115564301492,9.45464692119384,6.87711051680297,532.386783135757
200,1.42505605528321,511.120930270381,9.45412250058009,6.89034365812684,533.352045907956
201,1.07987967946593,506.244910199128,9.45751274815339,6.87277740717619,532.37393073481
202,2.38424522739774,492.629564491627,9.45629667404043,6.88234353288143,532.97784471185
203,4.21365173096804,427.401470415425,9.45526363893917,6.88993364978894,533.449063115737
204,4.75513543099877,388.397768125599,9.45407403035941,6.90118034516522,534.185390065335
205,4.76684738938904,390.487352975125,9.45427314401869,6.90703909061938,534.66140630968
206,5.12916166959727,370.836684044337,9.45262208959234,6.91047802332596,534.740789179016
207,5.37504501470469,370.876572483646,9.45337434418323,6.90435994057115,534.352403917576
208,4.59547908488654,383.189818932313,9.45367596195926,6.89746785524663,533.853065911287
209,0.902458866388175,767.738185222115,9.45162694997298,6.82148122703558,527.742978567679
210,2.0297463534081,401.288955256594,9.44506105982824,6.8636807886215,530.270233506735
211,2.10315794928579,378.596607653791,9.44529557555346,6.87101205559942,530.862989336764
212,2.59011142994093,404.728316545386,9.45148315967546,6.87166147688104,531.608991446899
213,2.69220350897726,436.171826673583,9.45155137515457,6.88277861505306,532.476727329547
214,1.53997191888316,445.411534941377,9.45341220500409,6.87204508595801,531.855705191142
215,3.49670244733617,440.795419165334,9.45235255762096,6.89011622001325,533.13476436829
216,4.05006734862862,430.624506479806,9.45142531429892,6.89712734717958,533.572563888196
217,3.36556039074877,466.223004479769,9.45069564457488,6.89729241012031,533.502948797156
218,4.49676368049861,438.618782427891,9.45155369667635,6.89445612480577,533.380403876298
219,3.41519048917169,430.325684519883,9.45228698045309,6.89282947904716,533.33730722186
220,4.77589008574474,409.972889168073,9.45238397500961,6.89256839771205,533.328051191705
221,3.49201762499433,436.494621884908,9.45332379376851,6.88839856347458,533.111395986355
222,2.13950518071479,481.089410909945,9.45210804644688,6.88678763625968,532.849641071205
223,1.05838543267382,498.895842124617,9.45385162322803,6.8836029437796,532.799743402734
224,3.78484715122407,444.487752096025,9.45397133907362,6.88354506519718,532.808757378258
225,4.43558255399241,420.283815943119,9.45382361939209,6.88865085301193,533.187299298084
226,5.25322326881174,422.637368441971,9.45459282897193,6.8918505715168,533.521769483407
227,5.54957286476801,407.840885580288,9.45317765823312,6.89929156997049,533.937926297169
228,5.25069965473534,397.123375199571,9.45371578032499,6.8946174946732,533.636947797177
229,3.12490192211537,406.163168183997,9.45584769565506,6.88161778012819,532.871037156556
230,5.17970175875696,399.799376147814,9.45467233263456,6.88459434807526,532.969003720126
231,4.91295166148107,410.121207423408,9.45406692876226,6.88113624292757,532.633077515274
232,2.3659425408785,426.677848379469,9.45438097971755,6.87855006186724,532.468268596981
233,3.30418264101446,486.438629089712,9.45415281864779,6.87799186240902,532.399360852473
234,4.22931484248297,462.41258023055,9.45388017632739,6.87938166170249,532.476227146937
235,4.67740428434924,416.465652297288,9.45162509412834,6.90452258765913,534.167252505003
236,5.2230986147281,398.387354427085,9.45264061793198,6.90265706644769,534.137688431287
237,4.74107310268688,391.241940562663,9.45230158141167,6.90053755112469,533.935374009659
238,5.78384558096982,377.118507063989,9.45217013539283,6.90529822878373,534.288875563111
239,5.69874753404898,384.103335522835,9.4511307342738,6.91334865516748,534.794131397147
240,4.33697555480678,440.167278478553,9.45223523871567,6.91402492478955,534.971462155555
241,5.53258883942252,399.283441400603,9.45347253801383,6.89667852506809,533.769001012595
242,4.83365843929857,401.755574373854,9.45368678635251,6.89377572641751,533.568522861615
243,4.52935158762851,414.95518459378,9.454103193221,6.88675392614015,533.072002798317
244,3.73190201880669,396.437737365605,9.45498504587483,6.87744912787537,532.451078322959
245,2.55811374743002,444.948225017448,9.45572093777484,6.87422628748117,532.284413395891
246,1.62337095049358,422.097450209308,9.45812052685862,6.85725482635131,531.239804949414
247,1.57005631649239,464.573916286007,9.4576161459425,6.85332559937869,530.878777253466
248,2.81599995457226,439.124174416919,9.45508550708573,6.87197416297515,532.038513225567
249,3.39143540302116,440.726322573261,9.45503816455415,6.87110678249364,531.966032080758
250,3.24126758067382,441.299215528368,9.45478992141708,6.87615038203573,532.328557388638
251,2.86248054328901,457.27172409949,9.45406517859613,6.87449005473688,532.118433533387
252,2.18078747418671,479.947120920869,9.45448257734754,6.88121822624771,532.686259493082
253,1.63220320615426,504.618179606625,9.4555844931457,6.88032817483636,532.741519044516
254,2.65940757407739,474.194085751064,9.45384823172835,6.88934484561365,533.243791413386
255,4.50369278861655,450.180339547867,9.4544913998704,6.89458444113985,533.721955950754
256,5.03343860474127,383.277951566059,9.45421862458427,6.90755329785266,534.695043315738
257,5.29944693459698,378.907775399775,9.45337588140145,6.90655485344328,534.522449688547
258,5.53931745342597,372.734752225337,9.45302834130642,6.90729906476529,534.540741359539
259,5.36381831920583,392.367362700511,9.45333976527322,6.90088579166864,534.079620288941
260,4.78544579937445,403.451466708766,9.45630417017328,6.88566378991445,533.235815241612
261,0.96620044191884,504.585557398268,9.44921142430667,6.84777652973177,529.506558340669
262,2.63927280468285,369.349856276162,9.4448035273884,6.88318117666409,531.747784234238
263,3.15915775874676,339.769819318716,9.44617814119434,6.873109860459,531.124310654082
264,3.02850568804444,405.337275421279,9.45272324068454,6.85867808785708,530.743808845173
265,1.41037192132067,445.512353720891,9.45229814072563,6.88037167572226,532.374633470679
266,2.58768928187713,419.730833654147,9.45209766398066,6.88189527309251,532.469935757078
267,3.70001262335025,424.527930052126,9.45160978458982,6.88451346546971,532.617524614278
268,1.46758971237249,438.810706217889,9.4537585020562,6.8825376691287,532.706795209645
269,1.61865281479505,442.405727678861,9.45181906225292,6.88927618302291,533.009593305824
270,2.86271544052919,445.281530256005,9.45230371173762,6.89617441053715,533.598012556036
271,3.19003496272631,442.056739095618,9.45118495677414,6.89590712860826,533.451032637513
272,3.23392065750001,438.503507442858,9.4530175175499,6.89178051756031,533.338573639229
273,2.41350309067378,446.590437881283,9.45305045286168,6.88458560346306,532.785488818182
274,1.43337916321468,480.063166902266,9.45281382185548,6.88702859819437,532.947864955316
275,2.64165563584597,524.662967785993,9.45310315722948,6.88794852707972,533.051683210376
276,3.62869337554193,471.319381362264,9.45204157578516,6.89750182379977,533.67112111846
277,5.11111035703982,396.071720212154,9.45284284966728,6.89539060724755,533.598230289881
278,5.64837828016025,397.342421637439,9.45313345778041,6.89495970991759,533.597692601419
279,5.35547426459035,415.578257614202,9.4539563616134,6.89175648612964,533.442657825167
280,5.39643395687234,412.727967294224,9.45333748886643,6.89003775109471,533.239802067915
281,4.60371123381723,396.282676505601,9.45417598075807,6.88222875888624,532.729933302719
282,5.01261913387262,385.729532921728,9.4543503333171,6.8785528874315,532.465035333421
283,4.93297453741201,401.31379663507,9.45256044751169,6.88476173741136,532.74388491876
284,3.84594770788735,441.818652733241,9.4550060519678,6.8741418115998,532.197391146425
285,2.26688011793599,487.678543018173,9.45401385998736,6.88366969319022,532.823196891345
286,3.97365206757558,489.933974985808,9.45170582041377,6.88778424910651,532.881396258822
287,4.39338524378234,411.203411013745,9.45126711208713,6.90193145887694,533.926342838586
288,5.42121856895465,403.682311053907,9.45266188585004,6.89451386332159,533.509956203976
289,4.98326465469568,412.453975245942,9.4522974826364,6.89439112206833,533.459325821565
290,5.20133603459311,383.220209758512,9.45123268990201,6.90184804882891,533.916001181638
291,5.43582460607197,390.959157007736,9.45065954013154,6.90796959949252,534.324742761164
292,4.49451614376238,407.895574271369,9.45255743782872,6.89791318255025,533.76120579733
293,4.5446523003135,417.699741573585,9.45367449980735,6.8824981129934,532.694266839185
294,4.12012331832928,419.978114052846,9.45322718386275,6.88944659728117,533.181608042855
295,3.65827859386715,416.458821755582,9.45305028597077,6.88589125466873,532.886511961199
296,2.47354830060503,431.915909480888,9.45518294563819,6.87279438386453,532.112983070646
297,1.5710731083172,455.804062084516,9.45775624638055,6.85857316526117,531.301009665551
298,2.02557757151537,431.530004033219,9.45721852141543,6.85642268351546,531.074028029345
299,2.22488310555092,430.442847550582,9.45519064002918,6.86503776587853,531.513306796018
300,3.62896792348718,397.322588421483,9.45449326334104,6.87146863415835,531.932730201482
301,3.86889697232979,416.625773093253,9.45406382342082,6.87506603621284,532.162864692625
302,2.86897468537384,452.739952120053,9.45598092598708,6.87373277308867,532.275468615221
303,1.82314304785772,451.323699983019,9.45543610432329,6.87680492573768,532.452002845313
304,2.35352861934794,448.617691440968,9.45374564453882,6.88045098498355,532.543837780172
305,2.17678537996527,462.822884224173,9.45348269581044,6.88848447658753,533.135967669198
306,3.80758882328163,496.545539987729,9.45327354302223,6.89201039103974,533.385254236037
307,4.13272383760787,411.502054593218,9.45433737679539,6.89446476633571,533.695302432581
308,4.41185898528818,420.546580145808,9.45316835398799,6.90421364616041,534.31779522215
309,5.70148286993337,396.183343597627,9.45283827097422,6.89596675379044,533.64229829554
310,5.4878080363491,370.117313922357,9.45328651385807,6.90209333185369,534.16705727365
311,5.03822596168262,374.619020448267,9.4534812897623,6.89820462228339,533.888101946559
312,5.13090286738435,380.522940907789,9.45508573261434,6.8872965821243,533.224823260569
313,1.29777390376686,440.078666607274,9.44715281163087,6.83177333326491,528.038952766044
314,2.78791807381155,318.240186735273,9.44618087583833,6.87593969490321,531.343295709753
315,3.18654470527228,346.230667036429,9.4459149694076,6.88108708623498,531.711127960064
316,3.30526385507991,417.803692111781,9.45326252585593,6.86766104209205,531.499574853626
317,1.07993208287613,433.965953441268,9.45291021019191,6.87192562601813,531.78997700741
318,2.63019987057676,433.199173104616,9.45260544575267,6.88747326706801,532.958777674369
319,3.57985283739085,434.254665606239,9.45272870953091,6.88251735168843,532.589174412875
320,3.59290459899689,430.472797477968,9.45408413791959,6.87475861733768,532.141355886126
321,2.31712528179545,442.904041397809,9.45284416059451,6.87655405655416,532.140715703699
322,1.65353290723175,457.881383032325,9.45205991306735,6.88981920308446,533.078772426399
323,2.46141624432309,459.663522443842,9.45335647216782,6.88642028865388,532.961976745873
324,2.84641230076407,428.142585018609,9.45296363507838,6.88311487096808,532.661887342761
325,3.75395133091481,421.081971226132,9.45294105450779,6.88208616778453,532.579734960348
326,1.87448801869175,457.109172195604,9.45234251309759,6.87824360352369,532.214968835992
327,2.31711723169308,484.374798608541,9.45344005536275,6.88326603590039,532.727279332342
328,4.66520569244551,445.015138630421,9.45197675839763,6.8900597949087,533.088007659139
329,5.20205897133948,408.604520827533,9.45217100844137,6.89488704209667,533.483421471895
330,5.88167517532339,392.355774584648,9.45253877667602,6.89308764192611,533.385698968916
331,5.63875752085285,405.532021000099,9.45453628739099,6.8837863242328,532.891114680742
332,5.198949606498,408.644361531944,9.45466272983054,6.88513315530802,533.009632613036
333,4.8928169255037,398.457774857411,9.45423180269549,6.88247606288117,532.755367489142
334,4.99897922478831,397.664837115236,9.45354778613462,6.87828197126959,532.353673018102
335,5.22768627224375,402.8020397692,9.45437519379914,6.87335548334611,532.065505263483
336,4.7362752488715,412.161608681726,9.45374278228643,6.87190752187617,531.882255476187
337,2.89265717917207,435.759478111467,9.45533567153943,6.86470693144946,531.503997448287
338,2.79137635571312,455.17727317738,9.45429272558477,6.8736982545811,532.08275655948
339,3.85798047300946,458.991445314291,9.45190530539192,6.892091389562,533.237131148431
340,4.91483008916008,439.408904925568,9.45155521975356,6.89708937934629,533.58429407179
341,4.80289598646759,423.477771382866,9.45124829256555,6.89959830021079,533.743726470508
342,4.52746420346567,395.658921730832,9.45040084491672,6.89937011534346,533.63036542142
343,5.70795367744552,424.036795283022,9.45043867578009,6.90637223566175,534.176219672069
344,3.35884331384944,426.132947993345,9.45284544244525,6.89445457413826,533.52608825794
345,4.50403457244859,420.32698764087,9.45292468296927,6.88767232347378,533.010181082596
346,3.62322626544626,428.870723640589,9.45228315981955,6.89673361587001,533.63896103272
347,2.31982940148577,463.312686265177,9.45379436459234,6.88845420886755,533.168779087519
348,1.61696442091482,475.706676891813,9.45717153943678,6.86839673429886,531.996209476453
349,3.68269281673926,414.08845251416,9.45501962122236,6.88061812494732,532.700317576247
350,4.70175697609619,461.678107249522,9.45421202556048,6.88253133979637,532.757417399736
351,4.43090600453594,446.059724289733,9.45387509182925,6.88653935770658,533.029672043276
352,4.96372008586305,412.675859091766,9.45195178733552,6.8957434518357,533.524936525079
353,4.97443205139068,393.866509488722,9.45298019375954,6.89352780802505,533.469579639849
354,4.81155482624452,410.753224624508,9.45457910577115,6.88421474204771,532.929106677321
355,1.96964460887036,436.397385826631,9.45545673229906,6.88626361669162,533.186689540983
356,3.20262817885266,424.811363232911,9.45340494326077,6.88378438046579,532.763438759688
357,1.4125294763396,486.465353335694,9.45580119714504,6.8768054660399,532.493163496209
358,3.00375339651162,507.383865328126,9.45412875712143,6.88473882662512,532.918905210987
359,3.80122838438735,467.215092450612,9.45405300167968,6.90040436911515,534.122949587193
360,4.68472532802129,430.358986547413,9.45380173192159,6.89797010226488,533.906144727823
361,4.97910006268545,406.936713365662,9.45330846445922,6.90101814671448,534.086326802549
362,5.48438326889325,395.817754035296,9.45456961349086,6.89628496039215,533.86242894448
363,5.25385153083803,397.482748142377,9.45345728768514,6.89575592882812,533.695874681765
364,4.97465581252989,389.577351261352,9.45444532129497,6.88696069101981,533.126591331033
365,1.34185537507669,644.343662849315,9.4544752520305,6.84287707584283,529.717388028069
366,2.63460849028379,421.410075085896,9.44893960824656,6.87493634948936,531.576116318779
367,3.00447497822908,380.687257767544,9.45056266177903,6.88254287096371,532.3470956843
368,2.48646924758446,437.296948573478,9.45502909315592,6.86061645806787,531.152844410163
369,1.6093429749464,424.682313797207,9.45308575667183,6.87117416853444,531.751574183872
370,2.59660793735887,424.231534030227,9.45195795374775,6.88566925428198,532.746189133226
371,3.63943560198815,429.597067522449,9.45231158358841,6.88309643751176,532.586979105906
372,4.58048778396246,417.027066711617,9.45318055962944,6.87705258418523,532.217172239958
373,4.01324478593968,418.40638618188,9.45357019994425,6.87866284915344,532.385676064201
374,3.26029472327159,437.761978768758,9.4535901683235,6.87331620398362,531.974110798174
375,3.74466932168269,436.013614935587,9.45271663844493,6.87830087029644,532.261531448136
376,3.93519826771798,420.429681606187,9.45168786186938,6.88188442705894,532.422926454104
377,3.71430854352639,423.197527513363,9.45256892304678,6.87784028528333,532.209256323921
378,2.02433771770273,464.255831951557,9.45191522825468,6.88007143300766,532.308271711573
379,2.54135554313794,493.634318268197,9.45349295652671,6.88281519693086,532.698348730622
380,4.96640036686671,403.73815144937,9.4530007861035,6.89036925545683,533.227471821345
381,5.05068365474936,403.262944443786,9.45343292828671,6.89168950581364,533.378405754841
382,5.23382202170659,378.439047607797,9.45307405611535,6.89184879556018,533.350237397887
383,4.87536638278924,396.204822539601,9.45332614639795,6.88742764680169,533.036519486694
384,5.28419207021291,424.324217457955,9.4529902044175,6.88878685252658,533.103820324908
385,5.19539199360054,385.884723237556,9.45303747536566,6.88161416801146,532.554072640237
386,5.08896725274254,408.154391853818,9.45417771478356,6.87553694123416,532.212137675878
387,5.2698812584975,409.139642487224,9.4545034624999,6.87054933744171,531.862713297239
388,5.39708874558101,409.809137972574,9.45377748713601,6.87072934911695,531.794969920418
389,4.13960692511058,411.937354860155,9.45455209766742,6.86335600534367,531.311329560562
390,2.73638575553774,432.945691566421,9.45464415936748,6.86270885845924,531.271578272262
391,3.27890915165353,480.310934925963,9.45278704371627,6.88049986285824,532.439626736262
392,3.3164867221166,449.621112793428,9.45157502103575,6.88195570952698,532.415728356405
393,3.10124617674867,441.411729804196,9.45164757750542,6.8914921949944,533.161694867448
394,4.60778482894498,395.544232517701,9.45045174326972,6.89743712004752,533.486604798274
395,4.90507920541096,415.120637501154,9.45065322434375,6.90207108446979,533.867784791552
396,2.42486829836737,432.773872415919,9.45251563560766,6.88987437886714,533.134446959416
397,2.98291093545462,421.483801487782,9.45236503542226,6.88967820858393,533.102279935436
398,2.42867791946683,443.402577022946,9.45243485068227,6.89585179966026,533.587855660649
399,1.11317663749796,480.487484229525,9.45562668318886,6.88075028122756,532.778957002074
400,2.05241170101957,446.015667623186,9.45512724749038,6.87327197267997,532.143689963298
401,3.79172132460867,452.836663295392,9.45456415974861,6.88327511018972,532.854682063866
402,4.88532657904629,444.112556161572,9.45280783926242,6.88892268976805,533.093763119519
403,5.37187493248575,411.008205782289,9.45176914411622,6.90042603927013,533.866596411415
404,4.44204073965529,423.456654027951,9.45266266629201,6.89862408414994,533.828100676926
405,5.19310792894377,412.416869378601,9.45219493268996,6.90102398768477,533.960963094672
406,4.08817018233274,413.46885498006,9.45195699724071,6.89969918945072,533.831581164644
407,4.39469100604124,391.911233388632,9.45500757801657,6.88557755164682,533.08292043726
408,3.0494372704669,444.974885775988,9.45359353971211,6.88782202120298,533.097197884466
409,1.94552269158846,487.048367712343,9.45368136162351,6.89127552788145,533.374398895577
410,3.33308092395463,465.629429161773,9.45405665745453,6.87766584766782,532.363295445435
411,3.98901214464462,450.286133375641,9.45252674254878,6.89668672293281,533.662836288135
412,5.11730521021291,443.995336802402,9.45302760655263,6.89945649359448,533.933738957042
413,4.80046274308438,387.061662433066,9.4521050049951,6.90074123880629,533.928925947035
414,5.4002525768302,383.41773843556,9.45338312022875,6.8967475707315,533.764247207013
415,5.02867868040438,401.932496278181,9.45408762785774,6.89055790041841,533.364694700282
416,4.93724397490286,386.338741241303,9.45484913931469,6.88432848361211,532.968354837811
417,1.51426193239966,482.208619992946,9.45248028603709,6.83077478415527,528.557401596015
418,2.41066083432383,350.865304095516,9.45133013408694,6.86261228911148,530.891732177749
419,2.7027690938502,455.831816617372,9.45016718574597,6.88181971155279,532.246612695616
420,1.78780348912466,481.522000688413,9.45384585841628,6.86924281805059,531.687602725441
421,2.76726787563874,456.141550072258,9.45154725487076,6.88293977947993,532.488731330678
422,2.87227893801861,445.358347942102,9.45220434392937,6.88849174183518,532.992352410953
423,3.72462940591323,436.129696779144,9.45215450065939,6.886538431692,532.835596839068
424,4.31318929387499,415.184057050575,9.45274959594063,6.87895236724132,532.315657929586
425,3.57569764834367,431.035818862756,9.45305681399456,6.87534859432766,532.071369655163
426,3.31204550347197,443.676611605741,9.45413967327835,6.86880823265714,531.687012220894
427,2.40870945796481,460.559111244256,9.45323831976003,6.87318666688907,531.924487927635
428,3.58311494637462,418.784895045422,9.45207827714471,6.87947083723332,532.280167433925
429,3.94888175970452,408.36356645964,9.45254091309064,6.87264562078995,531.804139983961
430,2.49822077612932,447.100347219916,9.4519720806451,6.87748740856657,532.114747996491
431,1.74224905915703,494.675964151565,9.45435278815526,6.88071856705184,532.632956012151
432,4.63311961685205,454.014749496383,9.45187972578287,6.89065271483093,533.122936131578
433,4.52264088071785,402.50989025433,9.45329512022312,6.88433348611305,532.793556768134
434,4.6180142870213,389.60283952295,9.45173930843631,6.89284282961075,533.276538039748
435,4.75126130258103,405.636855695495,9.45407873703138,6.88395339361848,532.852469621888
436,4.6707434802316,401.059217285687,9.4515125843601,6.89404565331329,533.344008392735
437,4.9353704655878,398.914632794942,9.45254496408262,6.88182570198079,532.514949522967
438,4.95571742200554,404.293816551758,9.4529150899666,6.87657860178589,532.150601020612
439,4.64247154257552,420.395326607668,9.45366020210179,6.87446868729873,532.071192816103
440,4.93049339208935,406.65824878401,9.45297937811479,6.8724924188878,531.84162176455
441,4.36308928886594,399.275579261604,9.45485258424139,6.86213088776427,531.250256833917
442,3.58087686631299,443.85778264767,9.4545952932859,6.86406048640539,531.370720765448
443,4.21978383865682,447.300916057802,9.45248361110031,6.86882007276212,531.501675671162
444,4.07229738063972,409.813619616506,9.45224204877127,6.86957888323065,531.533223416497
445,3.22379216567946,415.129559623212,9.45112957228392,6.87660766167862,531.951837022425
446,2.99157286372155,416.115821065763,9.45165798370827,6.87305500174923,531.736468538214
447,3.10560889002062,448.967983997469,9.45147315538271,6.88883694929622,532.936600915627
448,1.54040441288765,434.68979976036,9.45439460678658,6.88072439008632,532.638118684462
449,2.19828241993864,454.730344710522,9.45167579520078,6.88449326996663,532.62340186735
450,2.37131029422825,433.880023975615,9.45297490788363,6.88415329940804,532.743518551963
451,1.28883663676451,487.050065499613,9.45891882457554,6.86316088691435,531.787112524913
452,3.29084598273423,468.324508860085,9.45410344789129,6.87946781920728,532.508047401699
453,4.35169858058094,487.469069991399,9.45424625571926,6.88431584136369,532.899409490404
454,5.17673997944082,442.027378512478,9.4535159040677,6.8861962482329,532.96261403667
455,4.49336011007277,402.065503015163,9.45220731529885,6.90244433828626,534.072260828282
456,4.97526008213124,409.714705162728,9.45245516547214,6.89798190718855,533.754973558872
457,5.03763841033737,407.338979819211,9.45279083162596,6.89385184566333,533.473282227602
458,4.88100831942096,400.235179544551,9.45366223153116,6.88889081537464,533.18766784005
459,4.73892220870417,398.479245097721,9.45421587246244,6.88083533988395,532.626568260054
460,3.32717031846577,433.284061084556,9.45406881196367,6.88212997636597,532.710209494374
461,2.06490283767779,474.716454362975,9.45422033190436,6.88327904186754,532.816231165861
462,2.93945701447617,530.721066437298,9.45562637722917,6.87034441402542,531.97319255363
463,4.93087312532814,446.213140394058,9.45301630155687,6.88730127618069,532.991798632983
464,4.79295016570062,403.800719456498,9.45229490184218,6.89547224882529,533.542687565682
465,5.20989879169569,409.165632517955,9.45281751903459,6.89572196699216,533.621012605199
466,5.39929786394701,395.561903541556,9.45341268580925,6.89303077035925,533.479927494048
467,5.17574060213961,400.723175774055,9.4527532076472,6.89750263260453,533.751545534536
468,5.4508181231737,376.154272595895,9.45582399457952,6.87612739025593,532.44322528291
469,1.17308130163121,448.450243534664,9.45157350431188,6.85525695628665,530.350035382308
470,2.31467323023639,320.758044238174,9.45171786022331,6.86631880756049,531.222050906463
471,1.6935970884831,442.14178038183,9.45196924950281,6.86640465373282,531.256951284705
472,1.71410395283553,438.452939895642,9.45404950530667,6.86907001056594,531.697133234993
473,3.35577806461895,434.566769456764,9.45182646141995,6.88816276337245,532.924284619618
474,4.10484828782759,417.361006502661,9.45245914126012,6.8885520959657,533.025758011877
475,3.8769071662759,428.777047955865,9.45249544313155,6.88274340337066,532.580380844001
476,2.40818290703239,434.667465414344,9.45501348492484,6.86636566860148,531.596196465533
477,1.56876622454049,443.101250686996,9.45358816664933,6.86969111823851,531.693314848637
478,2.64106242855159,474.122721067281,9.45428542674105,6.8751487213933,532.194213314271
479,1.66358608383,489.963269253294,9.45313771677073,6.87553602583432,532.094982272807
480,2.07078364438021,474.59555666556,9.45285843043248,6.87541612499237,532.054263459596
481,2.76922341060315,431.96557835728,9.45271341105169,6.87362112937026,531.899037226259
482,1.52976700510871,445.895883562404,9.45322582764434,6.87202202091818,531.832948924325
483,1.5374379532039,470.16716166495,9.4537750696809,6.87880689609918,532.419900372547
484,2.9244867573054,463.227773190292,9.45141371602131,6.89080757483067,533.082348068373
485,4.08639263379294,409.381726034836,9.45214376937157,6.88566327384087,532.766673080086
486,5.13531744002017,394.156699150387,9.45139916524189,6.89425930080372,533.347736116889
487,4.73221267810699,409.479792922248,9.45275865758773,6.88712237326005,532.948901304206
488,4.94178584780754,409.8858674076,9.4525364256087,6.8894983646327,533.107696240008
489,4.82731193098957,394.609283374768,9.4528525874845,6.87620402231752,532.114577099508
490,5.17955682339043,403.833535053734,9.45291706562193,6.87676575410485,532.165306426099
491,4.47925463350891,424.516981411317,9.45253440960265,6.87684816093986,532.128599594882
492,4.04810038550365,442.687403009978,9.45252671671107,6.87901288427777,532.2952388732
493,3.80929191548862,429.622272507078,9.45329874331398,6.86544806126457,531.332379901585
494,3.11884968563242,434.468038459607,9.45277510036643,6.86343182525818,531.117494023635
495,3.12244170291687,424.942985152646,9.45215918672864,6.86574475991349,531.227244358744
496,3.91410683184842,395.653265232402,9.45231897754573,6.86745552442858,531.377577984685
497,3.86945881299345,385.000481898666,9.45015142046632,6.87234474737421,531.512036375525
498,2.60779819000658,417.702345162691,9.4509975087446,6.86918830285803,531.363049624327
499,3.10503597674439,419.766133631543,9.45187748295627,6.87602300727209,531.990797760587
500,3.44768073925619,421.68165333394,9.45293158083246,6.87673377851909,532.164466266008
501,4.38177603392033,430.997725929032,9.45318040128945,6.87629471488643,532.158502679279
502,2.61344609037935,450.659734731459,9.45370854762332,6.87837578874284,532.379040334277
503,1.62483963686098,492.250964429594,9.45290624491749,6.8786773675842,532.312019850658
504,3.13286720190947,485.003726863898,9.45358020091957,6.87963885907642,532.462342580046
505,5.23661543951649,429.956877140002,9.45315606709174,6.88593776411188,532.902037557029
506,4.75119004055328,397.90888635531,9.4525846155317,6.90150945943743,534.042556971617
507,5.72478254614506,386.230463745607,9.45377697498779,6.89117627398612,533.377505657413
508,5.27592307517741,398.831175771976,9.45245034477691,6.89751372238148,533.718201769478
509,5.25775414757819,403.352555559537,9.45332438799417,6.88871043089054,533.135599255721
510,5.25877006387519,395.567009418013,9.45437192169042,6.87937361137645,532.530999116451
511,4.50075413316865,407.877934003102,9.45299747420986,6.88403691827584,532.737055684431
512,2.73640824641203,423.104085963934,9.45479356898857,6.87426711759076,532.183171978616
513,1.39867902280311,469.754196101233,9.45438713310803,6.87766337574032,532.400323287066
514,2.19140546178179,495.262211290477,9.45472333704554,6.87367453709656,532.129390746155
515,4.36722935656339,446.212785063148,9.4534641631077,6.88139376273247,532.585091932031
516,4.6679762294583,401.730868558972,9.45388691945107,6.88547950053771,532.948970853295
517,5.58698457459777,396.678175602321,9.45307754239678,6.89444882747382,533.551843663601
518,5.02924380399223,392.439771125973,9.45301993984183,6.89651920847809,533.705563226581
519,5.22299246852318,395.811480320262,9.45342917681844,6.8886931058307,533.146077931349
520,5.37810743792362,373.169408103374,9.45434691019539,6.87873474560324,532.478727287844
521,1.37733349250732,453.399157566054,9.45236140868857,6.85415997635168,530.353580510528
522,2.24260666679429,322.492332473871,9.45266067083695,6.87418830196493,531.936990746691
523,2.47733185567739,411.807934386523,9.45507857127683,6.85776890265872,530.937941791772
524,2.24289324433814,428.703506693348,9.45462382072664,6.86148355391162,531.174436907476
525,1.8001493753772,426.928745695335,9.45234889299457,6.88066072493312,532.402716118962
526,3.00397925763606,422.47366768661,9.45212590754297,6.88243372931964,532.514779872457
527,2.4263352055456,426.735528746886,9.45158667625736,6.88879530744479,532.94618151998
528,1.89161865460562,463.334868756016,9.45608920919557,6.8651377265132,531.622076527371
529,3.03790750831582,482.584129368084,9.45417684508868,6.87617612346217,532.261516691451
530,3.44069770810625,454.959242277966,9.45318795226544,6.88298855290593,532.677391782863
531,3.59821834434621,458.898756814759,9.45182766647427,6.88546324130125,532.715563476589
532,2.501794493622,447.597651548945,9.45270063417989,6.87853919055289,532.27817092405
533,2.96464172985563,429.40490665729,9.45261871313346,6.88137593852796,532.488455760121
534,2.71135195885098,436.601682526342,9.45389384877249,6.87314085311052,531.994716362905
535,2.60960356717471,448.076284391209,9.45367893028609,6.87561947269677,532.162369958153
536,2.00546136810259,477.825373066707,9.45350968332241,6.88240407495062,532.668414751522
537,4.13991320322443,434.636148252289,9.45070657580909,6.8967436655324,533.461737676386
538,4.50204075217204,430.066335679536,9.45239217426385,6.89356596681441,533.406165735416
539,5.12312783387533,420.635214383854,9.45227683304381,6.89238430795016,533.301716766023
540,4.28137246313775,425.079081713131,9.45236503273217,6.88776897575085,532.954549020373
541,4.86116044116388,393.035590578463,9.4514792052127,6.8821445401141,532.419542024289
542,5.23502910573843,412.645586984005,9.4527460020424,6.8781652818326,532.254345984141
543,4.12298145425483,431.119908556992,9.45297388621573,6.87151795928272,531.765593371432
544,1.63383245866528,451.60744970323,9.45494291002281,6.86703440289906,531.640033373023
545,3.19865585401686,500.83626577207,9.45363540662857,6.86813833780269,531.578446939432
546,4.25030844564347,447.818881816499,9.45139695948777,6.87619969856908,531.950376468191
547,4.56529383572813,410.907633830053,9.45074320898425,6.87684810421148,531.926943728651
548,5.37929558451259,368.391210708315,9.45133417529893,6.88202237402322,532.393751758119
549,4.52665907237525,395.515361103239,9.44948762626894,6.88484966001297,532.404373422408
550,4.64436109960006,401.499996881101,9.44965021497586,6.8825572870567,532.245419820946
551,4.16150387966903,398.237788186032,9.45138768816483,6.88169795092838,532.374682857334
552,2.03864872589697,432.458343631478,9.45276701458382,6.87803570664912,532.24668530163
553,4.1497378163015,435.391147738343,9.45384743651954,6.87366471546383,532.030040489745
554,3.81652076512641,469.66867831831,9.45390763262845,6.87548631351893,532.177811480377
555,1.81325788862263,471.658138094702,9.45373865125722,6.87363031010821,532.015133483622
556,3.41218640004236,513.803163548057,9.45323366570772,6.88107185106024,532.534207805812
557,5.04686342401791,454.585606594998,9.45167665324959,6.89527397607194,533.457555224692
558,5.20722889981903,426.48253138997,9.45306348028264,6.90080883266821,534.042446800338
559,5.72008640558545,401.930862065326,9.45376483771515,6.88983488884165,533.272313066703
560,5.48480161566448,425.10595518433,9.45232681501418,6.89204805742012,533.281338961765
561,5.13101096751193,389.774661545148,9.45362650179039,6.88223383133466,532.668402915504
562,5.15296151599236,400.369709478549,9.45344274885612,6.8788802243758,532.388144799864
563,4.60793019209046,419.831328981398,9.45420806220896,6.87490772057211,532.166848265594
564,1.70345857195947,433.495144669545,9.45567273698284,6.87053548491238,531.993203793774
565,1.69014927759822,491.76440065804,9.45662625979228,6.87047765935051,532.096024629294
566,2.477510123823,549.721778753193,9.45156266172032,6.8856183592714,532.697692485219
567,3.61388744258337,479.550471522118,9.45384453070036,6.89216134872509,533.461374546162
568,5.41600053799612,426.601487609647,9.45225956458859,6.89508484732769,533.508723014494
569,5.76533036461781,411.466097726933,9.45263901070411,6.89725870351209,533.71977372417
570,5.22641580145185,412.087762759695,9.45278591848798,6.89480420493009,533.54642489368
571,5.04193840653942,386.766687278955,9.45312247237968,6.89159941798402,533.336401614433
572,4.18632698177187,400.128285053639,9.45191134683519,6.88788551937042,532.912406650649
573,1.82728232388048,370.420390467971,9.45180799466277,6.85078603864589,530.030446126054
574,1.98281436589991,351.041585486387,9.45259386440442,6.87545691208345,532.027637804972
575,2.48008960143344,471.471968569563,9.45509732083378,6.87139220867741,531.994786863393
576,3.10068520496403,436.695221877217,9.45418395360964,6.8683746482503,531.658430403275
577,3.26441024112387,426.853201857465,9.45287981191901,6.87998554419425,532.410276605443
578,2.82781902750373,449.275984229542,9.45386745076639,6.87119519436135,531.841148400678
579,0.487075565938474,465.982575847003,9.45357753712892,6.87529278221537,532.125670062322
580,1.82930110053438,508.948265659643,9.4521446607771,6.87922627698365,532.268721613743
581,3.20568743187778,520.50058999398,9.4525360859401,6.88111137707784,532.458674930086
582,4.20762279408652,509.214662084394,9.45244982424972,6.88525622968136,532.769678583957
583,3.84314917714002,463.335919209275,9.45112669973724,6.88863826033668,532.882160790303
584,4.6736417953772,427.214378906711,9.45099070908009,6.88922080766331,532.911888427001
585,5.05291364041382,415.016997115069,9.45156672776025,6.88966262003286,533.011030519161
586,4.7181845498982,405.341400656128,9.45195573181405,6.88373604806104,532.596366016002
587,4.23295504030811,432.049253496495,9.45391192110635,6.88196577730689,532.679819542249
588,1.60835855673482,478.459964362942,9.45402626978532,6.87706490794333,532.313357929067
589,3.12968650101231,469.516873876573,9.45202707589176,6.88898354021833,533.010412101022
590,4.10944137658402,434.434975057563,9.45161185317086,6.89448194686904,533.388965512233
591,4.95926306170727,438.384769778584,9.45177293638883,6.89319608677362,533.30766322879
592,3.75970305562332,448.785600546693,9.45133050027126,6.8942998106612,533.343120382804
593,4.20857448537594,421.471350731053,9.45065016733123,6.88283257811022,532.379362570169
594,4.56020516469473,400.510743697948,9.45232955159923,6.87699244460289,532.116699107142
595,2.86963445097761,465.493040866374,9.45303920069994,6.87023492378551,531.673650236934
596,3.04648021838453,529.493652653662,9.45346020084961,6.86660156291661,531.439804952427
597,3.47901078421872,488.215124918256,9.45329827234118,6.87288780148365,531.908105035582
598,5.00561179282357,433.971199425807,9.45053196464969,6.88532916426552,532.559148635081
599,5.31414436116452,405.052049207696,9.45121868188997,6.88040233895352,532.255417379772
600,5.41448146688724,367.230267789802,9.44962333204735,6.89480962883471,533.189890431746
601,4.52669254107171,387.861646746879,9.44754457060868,6.89343511737771,532.849083198926
602,5.20734257664505,390.80271512238,9.4510994932918,6.88187119423714,532.355618108136
603,5.1039681316504,423.399678150957,9.45275460983315,6.87960990986679,532.367105463757
604,3.00567387503922,427.090814055702,9.4531251406811,6.88116441262943,532.5291439598
605,2.72936205365088,430.481045147642,9.45312989410977,6.87769223957379,532.260969877108
606,3.19929556185015,464.089502803199,9.45293369251081,6.87951989509965,532.380311165547
607,1.35105623551469,503.249686529848,9.45433749774939,6.87623657390095,532.284285463974
608,2.7225771911447,493.053299914086,9.4550640638551,6.87570111852383,532.324645164812
609,4.86256849666132,415.165896659958,9.45304800588622,6.8831126535205,532.671224145954
610,4.58132026635066,443.058083303333,9.45321253308446,6.88749905622891,533.029233567016
611,5.08693300640641,395.002383846111,9.45348429294651,6.89230761552551,533.432040700525
612,5.35285884600438,406.749705875327,9.45353110576577,6.88617476651455,532.962665495977
613,4.92441959339831,389.193282136335,9.45362823910436,6.8780526980057,532.344988877751
614,5.52546334760606,399.835360741617,9.45452390222619,6.87606384634028,532.291903778062
615,5.345259421904,408.383225213311,9.45450652284116,6.87344834077625,532.087475301127
616,2.36314164910636,459.986342383371,9.45492077265718,6.87223259489567,532.039981633247
617,2.03362030158894,503.341926543322,9.45533429373568,6.87387034763056,532.213325264857
618,3.50025832036663,476.37187079702,9.45224402860298,6.89062347495809,533.161770693421
619,4.62174021198899,476.907308981414,9.45311326942576,6.88574211091583,532.88207086466
620,5.37779774982827,416.398949952844,9.4522766264768,6.88999564142309,533.116869185988
621,5.66295661881118,407.295158917422,9.45287860802166,6.89460721309889,533.541644067879
622,5.49087705360214,414.098404831478,9.4530066568649,6.89228510988869,533.376397237414
623,4.74741273878384,398.527864205655,9.45363519831156,6.88329338346871,532.751389880424
624,4.86794991365343,379.302382813512,9.45359727820322,6.87911214856965,532.423500420882
625,1.1945882213817,458.874050031792,9.45236958004443,6.86748464249945,531.385520474096
626,1.24472576579334,375.719487668369,9.44972346441047,6.88942127528268,532.784488963694
627,1.47706365094385,460.430051860937,9.45209715627075,6.88177636217268,532.460678112219
628,2.21523938720831,448.165254738222,9.45437497059809,6.86808900797785,531.657803024542
629,3.5349618225014,445.313150040192,9.45244064354364,6.88473285519109,532.728145908611
630,1.83022790352783,480.224832149933,9.45298771471073,6.87841662792387,532.301017445944
631,0.953036163110434,447.397130662041,9.45393907790654,6.86848935180296,531.63976783265
632,2.26314550636512,501.138210970278,9.45185376072772,6.88030075335583,532.319090528133
633,3.14411703932349,459.364680187911,9.4519241380615,6.88531341561663,532.714846051985
634,4.42914522915304,490.998268551174,9.45092512408162,6.88786137641861,532.799335588511
635,3.69596440986809,439.099732563657,9.4496400683109,6.89237535700403,533.003531159933
636,5.47974252620154,416.525952810895,9.45136405370046,6.88973538792169,532.993800953904
637,5.56002920492662,403.618694149677,9.45038300144006,6.8916237153613,533.029208854488
638,5.23559172570455,410.930359885402,9.45080572603833,6.89210333836466,533.11399524695
639,4.83553117304872,421.768354327472,9.45224748840889,6.89521834618657,533.517689274429
640,3.39339647228342,472.773406926869,9.4547052709227,6.88124016419304,532.713052208258
641,1.54924149677637,490.949676535982,9.45331246483503,6.87577976909441,532.133518663962
642,3.71657988064405,444.655183113923,9.45067259332668,6.88960205779704,532.905503329722
643,3.91951068629121,438.523046294525,9.45255963506571,6.88416603023523,532.697697438503
644,2.83413918214449,435.196030638299,9.45143586157807,6.88672053430926,532.768665640448
645,3.91990390807696,430.156878861046,9.45113087174876,6.88469506231358,532.577598288042
646,2.50646394063739,459.433938556618,9.45312123394792,6.87659499183123,532.175079384477
647,2.08744010587132,500.971859568295,9.45653851373372,6.8561270036147,530.974759531994
648,3.25496228850461,496.427998212572,9.45235658780264,6.87986545787647,532.342047709525
649,4.38305966042453,470.546936957243,9.45074517627359,6.88731746359194,532.736974644028
650,5.45844337349356,422.902060133202,9.45142847602367,6.88414595136159,532.568659108404
651,5.34842740667549,390.900956763125,9.45105781261786,6.887908804909,532.817965279255
652,5.18159204453597,384.658681581953,9.45040446403589,6.89362984698047,533.186793920599
653,5.67884049616569,381.192230510124,9.44982915786589,6.90033535857468,533.640452631864
654,5.29180130134547,396.554344236116,9.45123140487251,6.89285804090862,533.220403452106
655,4.74267633579758,403.646281120012,9.4516140283267,6.88919127639253,532.979900124861
656,4.97374358104926,410.874456306478,9.45399812735262,6.87537836975971,532.17964451226
657,3.61569083378299,426.789200070906,9.45370744039616,6.87678520810568,532.255806391872
658,2.37839690962655,456.26826045381,9.45257001113271,6.87995319266376,532.372876266708
659,1.02437060701742,523.251117028479,9.45424944921354,6.87982355053859,532.552031133873
660,3.24769044541847,491.034643668477,9.45427934336285,6.88098271045931,532.645127568204
661,4.70663106277693,440.332440157743,9.45240862083013,6.88356886242403,532.634469352088
662,4.39637227674378,429.330306360881,9.45302555553504,6.88716700214208,532.982451004716
663,5.15156102947762,392.363675168899,9.45235678118482,6.88740248514737,532.925260648321
664,4.99306779317977,400.837710059191,9.45291972243406,6.88743733941369,532.991437192135
665,4.70075053950861,405.053556667749,9.45178672714661,6.88825874403109,532.92722971936
666,4.87405407961865,397.749102941053,9.4526218071105,6.87722279748549,532.16742949989
667,4.96588792170928,392.678009538062,9.45391045551784,6.87096406048189,531.828096719184
668,3.67127762566858,424.600981366661,9.45486384111993,6.86808133271869,531.712192583475
669,2.10944516700689,480.733178417554,9.45599396377468,6.86756800238731,531.799558920856
670,3.01537339445469,472.061092272047,9.4546637350113,6.87817078183022,532.470756674131
671,4.18239482266069,441.460848872458,9.4540206852526,6.8883488928211,533.186155266558
672,4.10116806070711,442.428819716659,9.45252126004237,6.89408228121652,533.460686819288
673,4.83350551491538,426.321834457046,9.45277455093195,6.89199616896851,533.327845566992
674,5.07107450113988,398.11361296368,9.45163875729072,6.89543414497134,533.465668974278
675,4.32760386257983,417.756860232169,9.45205463753299,6.88859004845988,532.983075377168
676,4.71584543770274,386.676732705545,9.45385662352651,6.87677547443365,532.271851526505
677,0.740583983104104,307.199680826422,9.45128609439319,6.84902048389353,529.835332329119
678,1.09451075144319,327.859093435421,9.45000190039025,6.88128064227126,532.186303971536
679,1.60753758082925,457.211837128939,9.45242877720533,6.88069777045299,532.414581607177
680,2.93343908122417,444.326453934725,9.45236097176604,6.88397143687175,532.660249360141
681,1.14835156945766,459.228419561892,9.45088817519337,6.88598161112523,532.649764526802
682,1.25740073434703,490.917919888401,9.45545216269818,6.8693251579543,531.874671678837
683,1.39626230307531,509.351102498229,9.45320033209363,6.87287440020012,531.896046364178
684,3.98055044474536,471.566671838222,9.45121510144261,6.89139552383204,533.105426260331
685,4.095370183079,474.328962508664,9.45121647018616,6.88737925525891,532.794889580674
686,4.84680349306982,453.716657915863,9.45043361176199,6.8952988362537,533.319171452004
687,5.33157752132055,411.050679725051,9.45184250786872,6.88680967083392,532.821407524298
688,5.59864944886103,403.55229906597,9.45040080825559,6.89154819268955,533.025376283711
689,5.69598996534352,386.716397031694,9.45031983086979,6.89105581257616,532.97815929763
690,5.20562522238437,403.66205209402,9.45068512091071,6.89380629584658,533.232111636479
691,5.70892691598742,412.306494652231,9.4513048603686,6.89133418633583,533.110807152194
692,5.04160639184847,435.182261986483,9.45318892979802,6.88067534417049,532.498481710514
693,3.23205516125961,446.098253403279,9.45356236137274,6.87072764568056,531.770635797721
694,1.93412214265884,456.401876264189,9.45365322247589,6.8683490041289,531.596755674386
695,1.28438833687751,462.543506621049,9.45258270516607,6.88020475439446,532.393772110411
696,1.73966182763268,453.491905554692,9.45168973377666,6.87958003767954,532.244856203699
697,3.7644986679441,449.008345670081,9.4516247093863,6.88188665585392,532.415984024537
698,3.20157451483803,438.094007233567,9.45232348634302,6.8760917580106,532.046324455072
699,0.997197823043152,461.372762423699,9.45357065729143,6.87451427272679,532.064641497513
700,3.14566654136541,479.136463886433,9.45055018002457,6.8839458866379,532.454208887859
701,4.11290730809931,459.889762982656,9.45152873391906,6.88966880392889,533.007223689769
702,5.63492006251013,421.296673906424,9.45051009290949,6.88793586296192,532.758302829541
703,5.81930998269688,385.317977199324,9.45070127767149,6.8929410640893,533.167009422897
704,5.81540672577745,370.643671037395,9.45105969030568,6.88772622501198,532.804053420637
705,5.55291732398522,383.743221873937,9.45171173677088,6.8894247560573,533.008983257113
706,5.12270276594321,390.672767300958,9.45161007430202,6.89160249963949,533.165997483599
707,5.63168685932989,392.772762585178,9.45251473474803,6.88037277428445,532.399116878651
708,4.66512014856411,404.473352513937,9.45300226830907,6.87859372807691,532.316361800778
709,4.29440416796363,420.856808884122,9.45081681575343,6.88686724538487,532.710226186037
710,1.72652152163999,448.899602797483,9.45318425910655,6.87647729349203,532.173066848606
711,1.37877895685074,499.449018344227,9.4543078710815,6.87621058905878,532.27893802011
712,1.78940586632047,543.678241032111,9.45331727825422,6.87919477614255,532.398356634964
713,5.02385513906061,458.33073166493,9.45260092499245,6.87945690400518,532.337955217653
714,5.42421485700652,393.00738936442,9.45268636740298,6.8897041787745,533.140535674449
715,5.16273903155357,408.341822688706,9.45300962187624,6.88522176096996,532.830116900251
716,5.50107754056473,398.162016032292,9.45271261858353,6.88729448661364,532.957028521314
717,5.00067165584983,407.362553641635,9.45342474795878,6.87909524168197,532.402758407841
718,5.34899119818353,392.883862800327,9.45265443160618,6.87813437795053,532.241642554023
719,4.97012158696138,395.863058312881,9.45351847236267,6.87301295622738,531.942571739914
720,4.53842565946433,428.266231928609,9.45328785784384,6.87140770081878,531.792385015704
721,3.58953048101919,443.803030518201,9.45453649553818,6.86728079626933,531.613403890792
722,3.20273658485703,501.641958216742,9.45416015481589,6.86526876838437,531.415338946612
723,3.23311553958982,476.554068521754,9.45366469839835,6.86861076449164,531.618306089102
724,3.25743943501019,466.25163772004,9.45278439402021,6.87601315254305,532.09212948083
725,3.46310252429534,462.091922802671,9.45322722157171,6.87899569221689,532.372805619085
726,3.11413607627754,446.538787778546,9.45369021184598,6.8747533999514,532.096607214066
727,2.1379562216536,467.582541819841,9.45497215959375,6.87340294294305,532.136372783817
728,1.59961089626567,448.788408098538,9.4541299061037,6.8690302015788,531.703095330387
729,1.23861843320443,477.335175928226,9.45387146471978,6.84526127250501,529.83427260633
730,2.08036855265114,335.538078159167,9.45203751158567,6.85819253232472,530.629239917757
731,3.32295545510139,408.226928448653,9.45208304273472,6.87800958199817,532.167643442992
732,1.84654187886901,480.81467199734,9.45252047408744,6.87810656523831,532.224405289549
733,1.64195052905193,489.217865426568,9.45356952642375,6.86654633543227,531.447822387574
734,1.16383661969523,528.327177559361,9.45409574683747,6.86972393219517,531.752951499969
735,1.39099051619125,539.570254652391,9.4520521946595,6.87936859238622,532.269318972183
736,3.43177410303822,475.443352362527,9.45126712287338,6.88064632076012,532.279747587113
737,4.79824555698467,485.249561487027,9.45120241362538,6.88494245044682,532.604798614937
738,5.44783540023415,406.140881291523,9.45090457279544,6.8884674602727,532.84390084736
739,5.12815168045955,408.490762847471,9.45055578267575,6.886650226146,532.664013649617
740,5.82538205827599,398.96277471474,9.45061314020837,6.88835374901156,532.802243928975
741,5.77038058137874,406.587891607578,9.45127767202423,6.89362527905393,533.284976962438
742,5.86924547285194,418.848127555456,9.4516557122947,6.89035703389923,533.074790504776
743,5.11023221712562,410.211253811566,9.45065222374413,6.891266643762,533.03196003712
744,4.81424247408771,423.108392604929,9.4526306126435,6.88091347476208,532.454010370176
745,3.73740653117066,444.239821985637,9.45156484504027,6.87423537815074,531.817307360709
746,3.79328442981495,440.567143738264,9.45354207632735,6.86744161579498,531.514027404818
747,2.92136696912222,456.579071071124,9.45245948110453,6.87179124255051,531.728866721562
748,2.51819486938097,446.651969519255,9.45165442937094,6.87610971373928,531.972397371491
749,3.61753527867522,432.61576252559,9.45403749222216,6.87132142452543,531.870051196253
750,3.92665558489813,430.928039454864,9.45173325609996,6.87565984594654,531.946465956071
751,1.62254880340388,476.840738977398,9.45183790205374,6.88206830950255,532.454057087846
752,2.88483827277277,461.204361186135,9.44972800608636,6.88744133877163,532.631885113951
753,5.0286457397781,438.57177253516,9.4515295452462,6.89067642739076,533.085268244353
754,4.67508983933073,401.771734424439,9.45089456401955,6.89677965348334,533.485744308657
755,5.75765743753601,394.736819208365,9.44990185517737,6.89139721896761,532.957417659408
756,5.55873462598046,385.473501615336,9.4508422279624,6.8915737797952,533.077150931061
757,5.28454926219896,389.285917218654,9.45033866879504,6.89275160005256,533.111442746895
758,5.52003476143537,393.185749059726,9.45142050015689,6.8873100157226,532.812536981825
759,5.44004604845637,400.821580969453,9.45237286496146,6.88117444321424,532.445166579352
760,4.34089711792818,393.345817519438,9.45212354322555,6.87819062826835,532.186212031964
761,4.8138087558588,401.114958016016,9.45283994134129,6.87532512717979,532.045140303491
762,1.66164848031257,441.463686124051,9.4546588849771,6.86558081719982,531.495564458973
763,1.75592200851943,471.314774154301,9.45382519816924,6.87736239003632,532.313740676477
764,1.59934901110085,483.070922256718,9.45336247244503,6.88412118490084,532.784718133752
765,5.15195132212268,459.966891226165,9.45216897270752,6.88438911835858,532.670928063784
766,5.4537349627008,421.884746842549,9.45181399169186,6.88908567504219,532.994282217343
767,5.83784296253782,398.972122334518,9.45235791319211,6.88673915120198,532.874061614235
768,5.48007463763631,412.96276243868,9.45188465856325,6.88990674392639,533.06577750189
769,4.6456312178306,411.948709692249,9.45289078353704,6.88062480782346,532.46098227705
770,4.64825004164536,402.333255443675,9.45240392596359,6.87601277341946,532.049268324209
771,4.4772769694265,411.73554663124,9.45417663870731,6.86947091715571,531.742466154028
772,4.09963867363346,433.480082159222,9.45348818445975,6.86949029793364,531.666525858561
773,2.54062751895177,462.458172571122,9.45299429842674,6.86807479959163,531.501433236642
774,2.6985968108577,489.112896652181,9.45394933588241,6.87016627835693,531.770720502968
775,3.19408373223257,458.867704363449,9.45295341480718,6.86897352129709,531.566384825733
776,3.15425216820492,450.125734367144,9.45281667058467,6.87180891148358,531.770420713843
777,3.80771871358176,460.684343794291,9.45359664264045,6.8738374976552,532.01518607211
778,2.95663875549985,445.73426555316,9.45351884293431,6.87483149268602,532.083360600917
779,1.34634100514032,498.438570536288,9.45441789546848,6.87853687611323,532.47140605938
780,2.864567469361,453.968856812512,9.45546566498501,6.8635341941348,531.427809572839
